chain, residue_label, residue_name, score, zscore, probability, pocket
A,   86, SER,  2.6903,   1.1201,   0.5579, 0
A,   87, HIS,  2.3798,   0.9470,   0.4977, 5
A,   88, PRO,  2.7570,   1.1573,   0.5701, 5
A,   89, LEU,  2.7780,   1.1690,   0.5739, 5
A,   90, ASP,  3.1590,   1.3814,   0.6353, 10
A,   91, PRO,  3.9489,   1.8217,   0.7363, 10
A,   92, LEU,  3.0301,   1.3095,   0.6159, 10
A,   93, ALA,  1.6026,   0.5138,   0.3110, 0
A,   94, ALA,  0.7786,   0.0545,   0.0864, 0
A,   95, ALA,  0.6744,  -0.0036,   0.0646, 0
A,   96, GLU,  2.1547,   0.8216,   0.4488, 0
A,   97, ILE,  0.9216,   0.1342,   0.1207, 0
A,   98, SER,  1.3059,   0.3485,   0.2267, 0
A,   99, VAL,  1.0459,   0.2035,   0.1533, 0
A,  100, ALA,  0.5958,  -0.0474,   0.0506, 0
A,  101, VAL,  1.4270,   0.4159,   0.2616, 0
A,  102, ALA,  1.1352,   0.2533,   0.1780, 0
A,  103, THR,  0.8824,   0.1124,   0.1108, 0
A,  104, VAL,  0.9033,   0.1240,   0.1160, 0
A,  105, ARG,  1.0247,   0.1917,   0.1476, 0
A,  106, ALA,  0.4666,  -0.1194,   0.0315, 0
A,  107, ALA,  0.7190,   0.0213,   0.0736, 0
A,  108, GLY,  1.1824,   0.2796,   0.1913, 17
A,  109, ALA,  1.1024,   0.2350,   0.1688, 17
A,  110, THR,  0.2774,  -0.2248,   0.0121, 0
A,  111, PRO,  0.3215,  -0.2003,   0.0158, 0
A,  112, GLU,  0.3632,  -0.1770,   0.0197, 0
A,  113, LEU,  0.1800,  -0.2791,   0.0058, 0
A,  114, ARG,  0.9731,   0.1629,   0.1339, 17
A,  115, ASP,  0.4585,  -0.1239,   0.0305, 0
A,  116, SER,  0.5844,  -0.0537,   0.0488, 35
A,  117, MET,  0.9877,   0.1711,   0.1376, 17
A,  118, ARG,  0.9599,   0.1556,   0.1304, 0
A,  119, PHE,  0.7452,   0.0359,   0.0791, 0
A,  120, LEU,  0.7752,   0.0526,   0.0857, 4
A,  121, LEU,  0.8935,   0.1186,   0.1135, 12
A,  122, VAL,  0.7722,   0.0510,   0.0850, 0
A,  123, VAL,  1.8012,   0.6246,   0.3640, 10
A,  124, LEU,  2.4114,   0.9646,   0.5041, 10
A,  125, LEU,  2.7451,   1.1507,   0.5679, 10
A,  126, GLU,  3.5948,   1.6243,   0.6953, 5
A,  127, PRO,  3.4516,   1.5445,   0.6763, 5
A,  128, GLU,  2.2178,   0.8568,   0.4632, 5
A,  129, LYS,  4.7273,   2.2555,   0.8050, 5
A,  130, GLN,  1.7990,   0.6233,   0.3634, 5
A,  131, VAL,  2.0744,   0.7768,   0.4307, 5
A,  132, VAL,  0.7788,   0.0547,   0.0865, 5
A,  133, ALA,  0.5611,  -0.0667,   0.0450, 0
A,  134, LEU,  1.2239,   0.3028,   0.2031, 14
A,  135, ALA,  1.0210,   0.1896,   0.1466, 0
A,  136, ASP,  0.5667,  -0.0636,   0.0459, 14
A,  137, ALA,  0.8234,   0.0795,   0.0967, 0
A,  138, TYR,  1.3927,   0.3969,   0.2517, 14
A,  139, PHE,  2.2676,   0.8845,   0.4741, 38
A,  140, PHE,  2.1383,   0.8124,   0.4450, 0
A,  141, PRO,  2.0375,   0.7562,   0.4223, 0
A,  142, PRO,  2.6501,   1.0977,   0.5506, 14
A,  143, PHE,  2.0061,   0.7387,   0.4149, 0
A,  144, GLN,  1.7966,   0.6220,   0.3628, 14
A,  145, PRO,  0.3200,  -0.2011,   0.0157, 0
A,  146, SER,  0.7734,   0.0516,   0.0853, 14
A,  147, LEU,  0.5895,  -0.0509,   0.0496, 0
A,  148, LEU,  0.6911,   0.0057,   0.0679, 0
A,  149, PRO,  0.6830,   0.0012,   0.0663, 0
A,  150, ARG,  0.7372,   0.0315,   0.0774, 0
A,  151, THR,  0.9756,   0.1643,   0.1345, 0
A,  152, LYS,  1.4332,   0.4194,   0.2634, 14
A,  153, GLY,  0.7063,   0.0142,   0.0709, 14
A,  154, GLY,  0.4877,  -0.1076,   0.0342, 0
A,  155, PRO,  0.3349,  -0.1928,   0.0171, 0
A,  156, VAL,  1.5898,   0.5067,   0.3075, 14
A,  157, ILE,  0.5964,  -0.0470,   0.0507, 0
A,  158, PRO,  1.9739,   0.7208,   0.4071, 14
A,  159, SER,  1.5074,   0.4608,   0.2848, 5
A,  160, LYS,  2.8710,   1.2208,   0.5898, 5
A,  161, LEU,  2.6968,   1.1237,   0.5591, 14
A,  162, PRO,  3.5923,   1.6229,   0.6950, 14
A,  163, PRO,  2.7099,   1.1310,   0.5614, 16
A,  164, ARG,  3.7344,   1.7021,   0.7122, 0
A,  165, ARG,  2.0127,   0.7424,   0.4164, 23
A,  166, ALA,  0.2992,  -0.2127,   0.0139, 0
A,  167, ARG,  2.2637,   0.8823,   0.4732, 12
A,  168, LEU,  0.5900,  -0.0506,   0.0497, 0
A,  169, VAL,  0.4072,  -0.1525,   0.0244, 0
A,  170, VAL,  0.6389,  -0.0233,   0.0580, 0
A,  171, TYR,  1.0835,   0.2245,   0.1636, 0
A,  172, ASN,  1.4706,   0.4402,   0.2742, 17
A,  173, LYS,  1.3311,   0.3625,   0.2338, 0
A,  174, ARG,  0.8167,   0.0758,   0.0951, 35
A,  175, SER,  1.4174,   0.4106,   0.2589, 11
A,  176, ASN,  1.2367,   0.3099,   0.2067, 17
A,  177, GLU,  1.7012,   0.5688,   0.3379, 11
A,  178, THR,  1.4593,   0.4339,   0.2711, 11
A,  179, SER,  0.7934,   0.0628,   0.0897, 17
A,  180, VAL,  1.6926,   0.5640,   0.3355, 23
A,  181, TRP,  1.4665,   0.4380,   0.2731, 17
A,  182, VAL,  0.8168,   0.0758,   0.0951, 23
A,  183, VAL,  0.0188,  -0.3690,   0.0005, 0
A,  184, GLU,  0.4515,  -0.1278,   0.0296, 0
A,  185, LEU,  1.0457,   0.2034,   0.1532, 0
A,  186, SER,  1.2598,   0.3228,   0.2134, 0
A,  187, GLU,  1.9911,   0.7304,   0.4114, 0
A,  188, VAL,  2.4855,   1.0059,   0.5192, 14
A,  189, HIS,  2.7817,   1.1710,   0.5745, 14
A,  190, ALA,  2.4419,   0.9817,   0.5103, 14
A,  191, VAL,  2.4290,   0.9745,   0.5077, 0
A,  192, THR,  2.3407,   0.9253,   0.4893, 0
A,  193, ARG,  1.4894,   0.4507,   0.2796, 0
A,  194, GLY,  1.1530,   0.2632,   0.1830, 0
A,  195, GLY,  1.2239,   0.3027,   0.2031, 0
A,  196, HIS,  1.4124,   0.4078,   0.2575, 38
A,  197, HIS,  2.0495,   0.7629,   0.4250, 16
A,  198, ARG,  1.6798,   0.5569,   0.3320, 0
A,  199, GLY,  0.7309,   0.0280,   0.0761, 0
A,  200, LYS,  1.0647,   0.2140,   0.1585, 0
A,  201, VAL,  0.7309,   0.0279,   0.0761, 0
A,  202, ILE,  0.6202,  -0.0337,   0.0547, 23
A,  203, SER,  0.7306,   0.0278,   0.0761, 23
A,  204, SER,  1.2449,   0.3145,   0.2091, 17
A,  205, GLU,  0.9819,   0.1679,   0.1362, 23
A,  206, VAL,  1.0495,   0.2055,   0.1542, 17
A,  207, VAL,  1.5064,   0.4602,   0.2845, 11
A,  208, PRO,  1.4516,   0.4297,   0.2689, 0
A,  209, ASP,  1.9358,   0.6996,   0.3977, 11
A,  210, VAL,  2.5852,   1.0615,   0.5384, 11
A,  211, GLN,  1.8385,   0.6453,   0.3736, 0
A,  212, PRO,  0.6196,  -0.0341,   0.0546, 0
A,  213, PRO,  0.4862,  -0.1084,   0.0341, 0
A,  214, MET,  1.7906,   0.6186,   0.3612, 4
A,  215, ASP,  1.1210,   0.2454,   0.1741, 4
A,  216, ALA,  2.0927,   0.7870,   0.4349, 4
A,  217, VAL,  1.4700,   0.4399,   0.2741, 0
A,  218, GLU,  0.6424,  -0.0214,   0.0586, 0
A,  219, TYR,  3.8881,   1.7878,   0.7300, 4
A,  220, ALA,  0.9869,   0.1706,   0.1374, 4
A,  221, ASP,  0.9249,   0.1361,   0.1216, 0
A,  222, CYS,  0.1501,  -0.2958,   0.0043, 0
A,  223, GLU,  0.9107,   0.1282,   0.1179, 0
A,  224, ALA,  0.5579,  -0.0685,   0.0445, 0
A,  225, VAL,  0.6471,  -0.0187,   0.0595, 0
A,  226, VAL,  0.1610,  -0.2897,   0.0048, 0
A,  227, LYS,  1.0418,   0.2012,   0.1521, 0
A,  228, GLU,  0.4835,  -0.1099,   0.0337, 0
A,  229, TYR,  0.6653,  -0.0086,   0.0629, 0
A,  230, PRO,  0.6529,  -0.0155,   0.0606, 0
A,  231, PRO,  0.4664,  -0.1195,   0.0314, 0
A,  232, PHE,  0.2387,  -0.2464,   0.0093, 0
A,  233, SER,  0.3979,  -0.1577,   0.0233, 0
A,  234, GLU,  0.4635,  -0.1211,   0.0311, 0
A,  235, ALA,  0.2694,  -0.2293,   0.0115, 0
A,  236, MET,  0.2738,  -0.2268,   0.0119, 0
A,  237, LYS,  0.3378,  -0.1912,   0.0174, 0
A,  238, LYS,  0.7443,   0.0354,   0.0789, 0
A,  239, ARG,  1.1901,   0.2839,   0.1935, 0
A,  240, GLY,  1.0232,   0.1908,   0.1472, 0
A,  241, ILE,  1.1098,   0.2392,   0.1710, 0
A,  242, ASP,  1.1902,   0.2840,   0.1935, 0
A,  243, ASP,  0.4287,  -0.1405,   0.0269, 0
A,  244, MET,  0.4647,  -0.1204,   0.0312, 0
A,  245, ASP,  0.7365,   0.0310,   0.0773, 0
A,  246, LEU,  0.9540,   0.1523,   0.1289, 0
A,  247, VAL,  0.1410,  -0.3009,   0.0039, 0
A,  248, MET,  1.5318,   0.4743,   0.2915, 0
A,  249, VAL,  1.0181,   0.1881,   0.1458, 0
A,  250, ASP,  2.3804,   0.9474,   0.4978, 4
A,  251, PRO,  3.4161,   1.5247,   0.6716, 4
A,  252, TRP,  3.6147,   1.6354,   0.6978, 4
A,  253, CYS,  1.6680,   0.5503,   0.3288, 0
A,  254, VAL,  0.8935,   0.1186,   0.1135, 0
A,  255, GLY,  0.6245,  -0.0314,   0.0555, 0
A,  256, TYR,  1.3336,   0.3639,   0.2345, 44
A,  257, HIS,  1.4056,   0.4040,   0.2555, 44
A,  258, GLY,  0.8530,   0.0960,   0.1036, 44
A,  259, GLU,  1.3267,   0.3600,   0.2326, 0
A,  260, ALA,  0.5108,  -0.0948,   0.0374, 0
A,  261, ASP,  0.6031,  -0.0433,   0.0518, 0
A,  262, ALA,  0.8067,   0.0702,   0.0927, 0
A,  263, PRO,  0.8777,   0.1098,   0.1097, 0
A,  264, SER,  1.6134,   0.5199,   0.3139, 11
A,  265, ARG,  2.0755,   0.7774,   0.4309, 11
A,  266, ARG,  1.1494,   0.2612,   0.1820, 0
A,  267, LEU,  0.8562,   0.0978,   0.1044, 0
A,  268, ALA,  0.1728,  -0.2832,   0.0054, 0
A,  269, LYS,  0.5065,  -0.0971,   0.0368, 0
A,  270, PRO,  0.0996,  -0.3239,   0.0023, 0
A,  271, LEU,  1.4253,   0.4150,   0.2612, 31
A,  272, ILE,  0.1670,  -0.2864,   0.0051, 0
A,  273, PHE,  1.6661,   0.5492,   0.3283, 31
A,  274, CYS,  0.5648,  -0.0646,   0.0456, 0
A,  275, ARG,  1.4155,   0.4095,   0.2583, 0
A,  276, THR,  1.3075,   0.3493,   0.2271, 0
A,  277, GLU,  1.0365,   0.1983,   0.1507, 0
A,  278, SER,  1.5624,   0.4914,   0.3000, 0
A,  279, ASP,  1.9135,   0.6871,   0.3923, 0
A,  280, CYS,  1.3775,   0.3884,   0.2472, 0
A,  281, PRO,  0.9503,   0.1502,   0.1279, 0
A,  282, MET,  1.1285,   0.2496,   0.1762, 0
A,  283, GLU,  1.1773,   0.2768,   0.1899, 0
A,  284, ASN,  0.4005,  -0.1562,   0.0236, 0
A,  285, GLY,  0.4005,  -0.1562,   0.0236, 0
A,  286, TYR,  1.2357,   0.3093,   0.2064, 4
A,  287, ALA,  0.3618,  -0.1778,   0.0196, 0
A,  288, ARG,  1.7111,   0.5743,   0.3405, 0
A,  289, PRO,  1.2908,   0.3401,   0.2223, 0
A,  290, VAL,  0.1670,  -0.2864,   0.0051, 0
A,  291, GLU,  0.4644,  -0.1206,   0.0312, 25
A,  292, GLY,  0.4381,  -0.1353,   0.0280, 25
A,  293, ILE,  0.3220,  -0.2000,   0.0159, 0
A,  294, HIS,  0.5260,  -0.0862,   0.0397, 0
A,  295, VAL,  0.0000,  -0.3795,   0.0002, 0
A,  296, LEU,  0.8384,   0.0879,   0.1002, 0
A,  297, VAL,  0.0000,  -0.3795,   0.0002, 0
A,  298, ASP,  0.5561,  -0.0695,   0.0442, 0
A,  299, MET,  0.3146,  -0.2041,   0.0152, 0
A,  300, GLN,  1.6040,   0.5146,   0.3114, 11
A,  301, ASN,  0.9691,   0.1607,   0.1329, 0
A,  302, MET,  1.0550,   0.2086,   0.1558, 0
A,  303, VAL,  0.9517,   0.1510,   0.1283, 0
A,  304, VAL,  0.6025,  -0.0436,   0.0517, 0
A,  305, ILE,  0.9855,   0.1698,   0.1371, 0
A,  306, GLU,  0.7958,   0.0641,   0.0902, 0
A,  307, PHE,  0.3936,  -0.1601,   0.0229, 0
A,  308, GLU,  0.7497,   0.0384,   0.0800, 0
A,  309, ASP,  0.4708,  -0.1170,   0.0320, 0
A,  310, ARG,  1.8786,   0.6677,   0.3837, 25
A,  311, LYS,  0.5934,  -0.0487,   0.0502, 25
A,  312, LEU,  0.7452,   0.0359,   0.0791, 0
A,  313, VAL,  1.1130,   0.2409,   0.1719, 25
A,  314, PRO,  1.0071,   0.1819,   0.1428, 0
A,  315, LEU,  1.0757,   0.2201,   0.1615, 0
A,  316, PRO,  0.3350,  -0.1927,   0.0171, 0
A,  317, PRO,  0.7352,   0.0303,   0.0770, 0
A,  318, ALA,  1.0584,   0.2105,   0.1567, 0
A,  319, ASP,  0.7600,   0.0442,   0.0823, 0
A,  320, PRO,  1.3506,   0.3734,   0.2394, 0
A,  321, LEU,  1.7650,   0.6043,   0.3547, 7
A,  322, ARG,  0.9926,   0.1738,   0.1389, 0
A,  323, ASN,  1.0900,   0.2281,   0.1654, 0
A,  324, TYR,  0.4307,  -0.1394,   0.0271, 0
A,  325, THR,  1.1894,   0.2835,   0.1932, 0
A,  326, ALA,  1.2926,   0.3410,   0.2228, 0
A,  327, GLY,  0.7279,   0.0263,   0.0755, 0
A,  328, GLU,  1.1682,   0.2717,   0.1874, 7
A,  329, THR,  1.6620,   0.5470,   0.3272, 7
A,  330, ARG,  1.8839,   0.6706,   0.3850, 7
A,  331, GLY,  1.6856,   0.5601,   0.3336, 7
A,  332, GLY,  0.3398,  -0.1901,   0.0175, 0
A,  333, VAL,  0.6990,   0.0102,   0.0695, 7
A,  334, ASP,  0.5879,  -0.0518,   0.0493, 0
A,  335, ARG,  1.6725,   0.5528,   0.3300, 7
A,  336, SER,  0.6756,  -0.0029,   0.0649, 0
A,  337, ASP,  2.3925,   0.9541,   0.5003, 0
A,  338, VAL,  0.8182,   0.0766,   0.0954, 19
A,  339, LYS,  1.0656,   0.2145,   0.1587, 0
A,  340, PRO,  0.7406,   0.0334,   0.0781, 19
A,  341, LEU,  1.5500,   0.4845,   0.2967, 1
A,  342, ASP,  0.8580,   0.0988,   0.1048, 0
A,  343, ILE,  3.7695,   1.7217,   0.7164, 1
A,  344, ILE,  1.0451,   0.2031,   0.1530, 0
A,  345, GLN,  0.6327,  -0.0268,   0.0570, 0
A,  346, PRO,  0.2924,  -0.2165,   0.0134, 0
A,  347, GLU,  0.2827,  -0.2219,   0.0126, 0
A,  348, GLY,  0.4240,  -0.1431,   0.0263, 0
A,  349, PRO,  0.7098,   0.0162,   0.0717, 0
A,  350, SER,  0.7434,   0.0349,   0.0787, 0
A,  351, PHE,  1.1481,   0.2605,   0.1816, 0
A,  352, ARG,  1.5019,   0.4577,   0.2832, 0
A,  353, VAL,  0.8332,   0.0850,   0.0989, 0
A,  354, ASN,  0.7304,   0.0277,   0.0760, 0
A,  355, GLY,  0.9236,   0.1354,   0.1212, 0
A,  356, ASN,  2.6827,   1.1159,   0.5565, 0
A,  357, PHE,  0.9743,   0.1636,   0.1342, 5
A,  358, VAL,  0.0904,  -0.3291,   0.0020, 0
A,  359, GLU,  1.4917,   0.4520,   0.2803, 0
A,  360, TRP,  1.0353,   0.1976,   0.1504, 0
A,  361, GLN,  1.3080,   0.3496,   0.2273, 0
A,  362, LYS,  3.2226,   1.4168,   0.6449, 6
A,  363, TRP,  0.8185,   0.0768,   0.0955, 0
A,  364, ASN,  0.6662,  -0.0081,   0.0631, 5
A,  365, PHE,  0.0377,  -0.3584,   0.0008, 0
A,  366, ARG,  1.3913,   0.3960,   0.2512, 5
A,  367, ILE,  1.4097,   0.4063,   0.2567, 0
A,  368, GLY,  2.2584,   0.8794,   0.4721, 10
A,  369, PHE,  2.4049,   0.9610,   0.5028, 10
A,  370, THR,  2.1490,   0.8184,   0.4475, 10
A,  371, PRO,  1.1951,   0.2867,   0.1949, 10
A,  372, ARG,  1.0253,   0.1921,   0.1478, 12
A,  373, GLU,  0.7513,   0.0393,   0.0804, 12
A,  374, GLY,  0.0000,  -0.3795,   0.0002, 0
A,  375, LEU,  1.0072,   0.1819,   0.1428, 0
A,  376, VAL,  1.5567,   0.4883,   0.2985, 0
A,  377, ILE,  0.0205,  -0.3680,   0.0005, 0
A,  378, HIS,  2.1777,   0.8344,   0.4541, 5
A,  379, SER,  1.9268,   0.6945,   0.3955, 5
A,  380, VAL,  0.5675,  -0.0631,   0.0460, 5
A,  381, ALA,  0.5962,  -0.0471,   0.0507, 5
A,  382, TYR,  1.6674,   0.5499,   0.3286, 0
A,  383, LEU,  2.6619,   1.1043,   0.5527, 0
A,  384, ASP,  2.6991,   1.1250,   0.5595, 6
A,  385, GLY,  2.0693,   0.7739,   0.4295, 6
A,  386, SER,  1.0570,   0.2097,   0.1563, 6
A,  387, ARG,  2.4923,   1.0097,   0.5206, 6
A,  388, GLY,  0.9111,   0.1284,   0.1180, 0
A,  389, ARG,  2.1472,   0.8174,   0.4470, 5
A,  390, ARG,  2.5489,   1.0413,   0.5315, 30
A,  391, PRO,  3.6730,   1.6679,   0.7050, 5
A,  392, VAL,  0.5362,  -0.0806,   0.0412, 0
A,  393, ALA,  0.2413,  -0.2450,   0.0095, 5
A,  394, HIS,  5.8217,   2.8656,   0.8719, 5
A,  395, ARG,  2.4680,   0.9962,   0.5157, 5
A,  396, LEU,  0.1891,  -0.2741,   0.0062, 0
A,  397, SER,  0.1711,  -0.2841,   0.0053, 0
A,  398, PHE,  0.0000,  -0.3795,   0.0002, 0
A,  399, VAL,  0.1747,  -0.2821,   0.0055, 0
A,  400, GLU,  0.0000,  -0.3795,   0.0002, 0
A,  401, MET,  0.2079,  -0.2636,   0.0073, 0
A,  402, VAL,  0.2593,  -0.2350,   0.0108, 0
A,  403, VAL,  0.6729,  -0.0044,   0.0643, 0
A,  404, PRO,  0.1015,  -0.3229,   0.0024, 0
A,  405, TYR,  1.6430,   0.5364,   0.3220, 0
A,  406, GLY,  0.0561,  -0.3482,   0.0012, 0
A,  407, ASP,  1.2176,   0.2992,   0.2013, 0
A,  408, PRO,  2.2141,   0.8547,   0.4623, 0
A,  409, ASN,  1.9834,   0.7261,   0.4095, 25
A,  410, GLU,  1.7297,   0.5847,   0.3455, 0
A,  411, PRO,  0.9295,   0.1386,   0.1227, 25
A,  412, HIS,  1.4374,   0.4217,   0.2647, 31
A,  413, TYR,  1.4709,   0.4404,   0.2743, 0
A,  414, ARG,  1.7465,   0.5940,   0.3500, 0
A,  415, LYS,  1.8277,   0.6393,   0.3708, 31
A,  416, ASN,  1.1367,   0.2542,   0.1784, 0
A,  417, ALA,  1.3365,   0.3655,   0.2354, 0
A,  418, PHE,  0.5925,  -0.0492,   0.0501, 0
A,  419, ASP,  1.3975,   0.3995,   0.2531, 0
A,  420, ALA,  0.3227,  -0.1996,   0.0159, 0
A,  421, GLY,  0.3185,  -0.2019,   0.0156, 0
A,  422, GLU,  0.6678,  -0.0072,   0.0634, 0
A,  423, ASP,  2.6508,   1.0981,   0.5507, 4
A,  424, GLY,  0.5734,  -0.0599,   0.0470, 0
A,  425, LEU,  0.2638,  -0.2324,   0.0111, 0
A,  426, GLY,  0.0535,  -0.3496,   0.0011, 0
A,  427, LYS,  1.5675,   0.4943,   0.3014, 4
A,  428, ASN,  2.2099,   0.8523,   0.4614, 4
A,  429, ALA,  0.4885,  -0.1072,   0.0343, 4
A,  430, HIS,  1.1094,   0.2389,   0.1708, 39
A,  431, SER,  0.9749,   0.1639,   0.1344, 4
A,  432, LEU,  0.2904,  -0.2176,   0.0132, 0
A,  433, LYS,  1.7042,   0.5705,   0.3387, 39
A,  434, LYS,  1.5773,   0.4997,   0.3041, 0
A,  435, GLY,  1.4187,   0.4113,   0.2593, 0
A,  436, CYS,  3.0238,   1.3060,   0.6149, 0
A,  437, ASP,  8.2109,   4.1973,   0.9468, 1
A,  438, CYS,  8.3894,   4.2968,   0.9500, 1
A,  439, LEU,  9.7292,   5.0436,   0.9694, 1
A,  440, GLY,  2.2107,   0.8528,   0.4616, 0
A,  441, TYR,  1.1713,   0.2734,   0.1882, 0
A,  442, ILE,  4.7445,   2.2651,   0.8063, 0
A,  443, LYS,  0.8834,   0.1130,   0.1111, 0
A,  444, TYR,  0.8277,   0.0819,   0.0977, 0
A,  445, PHE,  1.9593,   0.7126,   0.4035, 0
A,  446, ASP,  2.2200,   0.8579,   0.4636, 0
A,  447, ALA,  1.5459,   0.4822,   0.2955, 0
A,  448, HIS,  2.1009,   0.7916,   0.4366, 10
A,  449, PHE,  1.2487,   0.3166,   0.2101, 4
A,  450, THR,  1.1042,   0.2360,   0.1693, 4
A,  451, ASN,  1.5334,   0.4753,   0.2920, 4
A,  452, PHE,  1.3788,   0.3891,   0.2476, 4
A,  453, THR,  1.1245,   0.2473,   0.1751, 0
A,  454, GLY,  0.9642,   0.1580,   0.1316, 0
A,  455, GLY,  1.4013,   0.4016,   0.2542, 0
A,  456, VAL,  0.9186,   0.1325,   0.1199, 0
A,  457, GLU,  0.9943,   0.1748,   0.1394, 0
A,  458, THR,  0.9393,   0.1441,   0.1251, 0
A,  459, ILE,  0.5536,  -0.0709,   0.0438, 0
A,  460, GLU,  0.9359,   0.1422,   0.1243, 0
A,  461, ASN,  0.5927,  -0.0491,   0.0501, 0
A,  462, CYS,  0.8025,   0.0679,   0.0917, 0
A,  463, VAL,  1.0072,   0.1819,   0.1428, 0
A,  464, CYS,  2.8530,   1.2108,   0.5868, 0
A,  465, LEU,  0.0720,  -0.3393,   0.0015, 0
A,  466, HIS, 13.4569,   7.1214,   0.9925, 1
A,  467, GLU,  0.4477,  -0.1299,   0.0291, 1
A,  468, GLU, 17.2651,   9.2441,   0.9980, 1
A,  469, ASP, 10.3957,   5.4151,   0.9763, 1
A,  470, HIS, 28.0164,  15.2369,   1.0000, 1
A,  471, GLY, 17.1486,   9.1792,   0.9979, 1
A,  472, VAL, 12.9555,   6.8419,   0.9908, 1
A,  473, LEU,  2.7450,   1.1506,   0.5679, 1
A,  474, TRP,  0.6647,  -0.0090,   0.0628, 0
A,  475, LYS,  0.8680,   0.1044,   0.1073, 37
A,  476, HIS,  0.6639,  -0.0094,   0.0626, 0
A,  477, GLN,  1.6019,   0.5135,   0.3108, 3
A,  478, ASP,  1.1957,   0.2870,   0.1951, 3
A,  479, TRP,  3.1533,   1.3782,   0.6345, 3
A,  480, ARG,  2.5298,   1.0306,   0.5279, 3
A,  481, THR,  0.6301,  -0.0283,   0.0565, 45
A,  482, GLY,  0.5212,  -0.0889,   0.0390, 0
A,  483, LEU,  1.0486,   0.2050,   0.1540, 45
A,  484, ALA,  1.4606,   0.4347,   0.2715, 37
A,  485, GLU,  1.6840,   0.5592,   0.3332, 37
A,  486, VAL,  1.0714,   0.2177,   0.1603, 37
A,  487, ARG,  1.9152,   0.6881,   0.3927, 0
A,  488, ARG, 13.0744,   6.9082,   0.9912, 1
A,  489, SER,  6.6782,   3.3430,   0.9073, 1
A,  490, ARG,  1.4781,   0.4445,   0.2764, 9
A,  491, ARG, 20.9399,  11.2925,   0.9994, 1
A,  492, LEU,  0.0000,  -0.3795,   0.0002, 0
A,  493, THR, 11.6576,   6.1185,   0.9854, 0
A,  494, VAL,  0.0000,  -0.3795,   0.0002, 0
A,  495, SER,  7.2506,   3.6621,   0.9246, 0
A,  496, PHE,  0.1726,  -0.2832,   0.0054, 0
A,  497, ILE,  1.9121,   0.6864,   0.3919, 0
A,  498, CYS,  0.1626,  -0.2888,   0.0049, 0
A,  499, THR,  1.1150,   0.2420,   0.1724, 4
A,  500, VAL,  3.1941,   1.4009,   0.6407, 4
A,  501, ALA,  4.0757,   1.8923,   0.7492, 4
A,  502, ASN,  1.8751,   0.6657,   0.3828, 0
A,  503, TYR,  0.6414,  -0.0220,   0.0585, 0
A,  504, GLU,  0.3649,  -0.1760,   0.0199, 0
A,  505, TYR,  1.0063,   0.1815,   0.1426, 0
A,  506, GLY,  0.3649,  -0.1760,   0.0199, 0
A,  507, PHE,  0.1726,  -0.2832,   0.0054, 0
A,  508, TYR, 14.0465,   7.4501,   0.9939, 1
A,  509, TRP,  0.0000,  -0.3795,   0.0002, 0
A,  510, HIS, 13.8957,   7.3660,   0.9936, 1
A,  511, PHE,  0.0000,  -0.3795,   0.0002, 0
A,  512, TYR, 14.9760,   7.9682,   0.9957, 1
A,  513, GLN,  1.1302,   0.2505,   0.1766, 9
A,  514, ASP,  2.0908,   0.7860,   0.4344, 1
A,  515, GLY,  0.2815,  -0.2226,   0.0125, 0
A,  516, LYS,  8.7921,   4.5213,   0.9568, 1
A,  517, ILE,  0.4011,  -0.1559,   0.0237, 0
A,  518, GLU,  9.1989,   4.7480,   0.9631, 1
A,  519, ALA,  0.4489,  -0.1292,   0.0293, 0
A,  520, GLU, 13.5499,   7.1733,   0.9928, 1
A,  521, VAL,  0.1957,  -0.2704,   0.0066, 0
A,  522, LYS, 20.2012,  10.8807,   0.9992, 1
A,  523, LEU,  0.2813,  -0.2226,   0.0124, 0
A,  524, THR,  0.3649,  -0.1760,   0.0199, 0
A,  525, GLY,  0.0000,  -0.3795,   0.0002, 0
A,  526, ILE,  0.0000,  -0.3795,   0.0002, 0
A,  527, LEU,  0.0598,  -0.3461,   0.0012, 0
A,  528, SER,  1.4388,   0.4225,   0.2651, 0
A,  529, LEU,  1.1723,   0.2740,   0.1885, 31
A,  530, GLY,  1.1723,   0.2740,   0.1885, 0
A,  531, ALA,  0.4255,  -0.1423,   0.0265, 25
A,  532, LEU,  0.9010,   0.1227,   0.1154, 1
A,  533, GLN,  1.7271,   0.5832,   0.3448, 25
A,  534, PRO,  0.5671,  -0.0633,   0.0460, 0
A,  535, GLY,  0.2519,  -0.2390,   0.0102, 0
A,  536, GLU,  0.9812,   0.1675,   0.1360, 0
A,  537, VAL,  1.3078,   0.3495,   0.2273, 1
A,  538, ARG,  2.3391,   0.9244,   0.4889, 1
A,  539, LYS,  2.2411,   0.8697,   0.4683, 1
A,  540, TYR,  2.5444,   1.0388,   0.5306, 0
A,  541, GLY,  0.7791,   0.0548,   0.0865, 1
A,  542, THR,  5.5501,   2.7142,   0.8581, 1
A,  543, THR,  3.6346,   1.6465,   0.7003, 1
A,  544, ILE,  1.0871,   0.2265,   0.1646, 0
A,  545, ALA,  1.1764,   0.2763,   0.1896, 0
A,  546, PRO,  1.0740,   0.2192,   0.1610, 0
A,  547, GLY,  0.5639,  -0.0652,   0.0454, 0
A,  548, LEU,  0.6243,  -0.0315,   0.0554, 0
A,  549, TYR,  1.2957,   0.3428,   0.2237, 0
A,  550, ALA,  0.5658,  -0.0641,   0.0457, 0
A,  551, PRO,  1.0053,   0.1809,   0.1423, 31
A,  552, VAL,  0.6799,  -0.0005,   0.0657, 1
A,  553, HIS,  0.0561,  -0.3482,   0.0012, 0
A,  554, GLN,  0.6341,  -0.0260,   0.0572, 0
A,  555, HIS,  0.6414,  -0.0220,   0.0585, 0
A,  556, PHE,  0.8849,   0.1138,   0.1114, 0
A,  557, PHE,  0.0000,  -0.3795,   0.0002, 0
A,  558, VAL,  0.0000,  -0.3795,   0.0002, 0
A,  559, ALA,  0.0000,  -0.3795,   0.0002, 0
A,  560, ARG,  0.6909,   0.0056,   0.0678, 15
A,  561, MET,  0.1891,  -0.2741,   0.0062, 0
A,  562, ASP,  3.1188,   1.3589,   0.6293, 5
A,  563, MET,  3.3312,   1.4774,   0.6602, 0
A,  564, ALA,  4.2152,   1.9701,   0.7625, 5
A,  565, VAL,  0.2163,  -0.2589,   0.0078, 0
A,  566, ASP,  1.7356,   0.5880,   0.3471, 30
A,  567, CYS,  2.7542,   1.1557,   0.5696, 5
A,  568, ARG,  1.4978,   0.4554,   0.2820, 0
A,  569, PRO,  0.5087,  -0.0959,   0.0371, 0
A,  570, GLY,  4.3608,   2.0512,   0.7756, 5
A,  571, GLU,  3.7043,   1.6853,   0.7087, 0
A,  572, ALA,  4.1312,   1.9233,   0.7545, 5
A,  573, LEU,  0.8114,   0.0728,   0.0938, 0
A,  574, ASN,  0.0390,  -0.3577,   0.0008, 0
A,  575, GLN,  0.9700,   0.1612,   0.1331, 0
A,  576, VAL,  0.0000,  -0.3795,   0.0002, 0
A,  577, VAL,  1.1077,   0.2380,   0.1703, 0
A,  578, GLU,  1.3266,   0.3600,   0.2326, 0
A,  579, VAL,  3.7920,   1.7342,   0.7190, 1
A,  580, ASN,  1.9721,   0.7198,   0.4066, 21
A,  581, VAL,  5.8656,   2.8900,   0.8741, 1
A,  582, LYS,  0.9563,   0.1536,   0.1295, 21
A,  583, VAL,  0.7714,   0.0505,   0.0848, 21
A,  584, GLU,  0.8572,   0.0983,   0.1046, 0
A,  585, GLU,  0.4748,  -0.1148,   0.0325, 0
A,  586, PRO,  0.5053,  -0.0978,   0.0366, 0
A,  587, GLY,  0.4508,  -0.1282,   0.0295, 0
A,  588, LYS,  0.9169,   0.1316,   0.1195, 0
A,  589, ASN,  1.5852,   0.5041,   0.3062, 0
A,  590, ASN,  1.0667,   0.2151,   0.1590, 0
A,  591, VAL,  1.6918,   0.5635,   0.3353, 0
A,  592, HIS,  2.2867,   0.8951,   0.4781, 0
A,  593, ASN,  0.7704,   0.0500,   0.0846, 0
A,  594, ASN,  0.1142,  -0.3158,   0.0028, 0
A,  595, ALA,  0.2721,  -0.2278,   0.0117, 0
A,  596, PHE,  0.1467,  -0.2977,   0.0042, 0
A,  597, PHE,  0.6044,  -0.0425,   0.0520, 0
A,  598, ALA,  3.4579,   1.5480,   0.6771, 1
A,  599, GLU,  1.7122,   0.5749,   0.3408, 1
A,  600, GLU,  4.5996,   2.1843,   0.7951, 1
A,  601, LYS,  2.0047,   0.7380,   0.4145, 0
A,  602, LEU,  1.7186,   0.5785,   0.3425, 0
A,  603, LEU,  1.0375,   0.1988,   0.1510, 0
A,  604, LYS,  1.3726,   0.3856,   0.2458, 0
A,  605, SER,  1.1641,   0.2694,   0.1862, 0
A,  606, GLU,  0.2875,  -0.2192,   0.0130, 0
A,  607, LEU,  0.7460,   0.0364,   0.0793, 0
A,  608, GLN,  1.7785,   0.6119,   0.3581, 0
A,  609, ALA,  0.4270,  -0.1414,   0.0267, 0
A,  610, MET,  1.4067,   0.4046,   0.2558, 22
A,  611, ARG,  2.0935,   0.7875,   0.4350, 0
A,  612, ASP,  1.0903,   0.2283,   0.1655, 20
A,  613, CYS,  0.6856,   0.0027,   0.0668, 20
A,  614, ASP,  1.5123,   0.4635,   0.2861, 21
A,  615, PRO,  2.5242,   1.0275,   0.5268, 1
A,  616, SER,  1.3581,   0.3776,   0.2416, 21
A,  617, CYS,  1.9829,   0.7258,   0.4093, 21
A,  618, ALA,  9.2877,   4.7975,   0.9644, 1
A,  619, ARG,  3.8305,   1.7557,   0.7235, 1
A,  620, HIS, 12.3445,   6.5014,   0.9885, 1
A,  621, TRP,  0.1970,  -0.2696,   0.0067, 0
A,  622, ILE,  5.1564,   2.4947,   0.8352, 0
A,  623, VAL,  0.1891,  -0.2741,   0.0062, 0
A,  624, ARG,  4.9992,   2.4071,   0.8248, 1
A,  625, ASN,  0.3406,  -0.1896,   0.0176, 0
A,  626, THR,  1.1882,   0.2829,   0.1929, 0
A,  627, ARG,  0.6385,  -0.0235,   0.0580, 0
A,  628, THR,  1.2701,   0.3285,   0.2163, 30
A,  629, VAL,  0.7728,   0.0513,   0.0851, 30
A,  630, ASN,  4.3073,   2.0214,   0.7709, 30
A,  631, ARG,  3.1550,   1.3791,   0.6347, 6
A,  632, THR,  2.2669,   0.8841,   0.4739, 0
A,  633, GLY,  0.3784,  -0.1685,   0.0213, 0
A,  634, GLN,  6.6519,   3.3283,   0.9065, 1
A,  635, LEU,  3.7667,   1.7201,   0.7161, 1
A,  636, THR,  1.7183,   0.5783,   0.3424, 0
A,  637, GLY,  0.7075,   0.0149,   0.0712, 0
A,  638, TYR,  0.4011,  -0.1559,   0.0237, 0
A,  639, ARG, 10.9252,   5.7103,   0.9808, 1
A,  640, LEU,  0.0000,  -0.3795,   0.0002, 0
A,  641, VAL,  9.8598,   5.1164,   0.9709, 1
A,  642, PRO,  2.7977,   1.1800,   0.5773, 1
A,  643, GLY,  2.4398,   0.9805,   0.5099, 1
A,  644, SER,  2.7199,   1.1366,   0.5632, 1
A,  645, ASN,  5.4400,   2.6528,   0.8520, 1
A,  646, CYS,  4.6481,   2.2114,   0.7988, 20
A,  647, LEU,  0.7434,   0.0349,   0.0787, 20
A,  648, PRO,  0.7739,   0.0519,   0.0854, 20
A,  649, LEU,  1.0395,   0.2000,   0.1515, 40
A,  650, ALA,  0.5737,  -0.0597,   0.0470, 0
A,  651, GLY,  0.4115,  -0.1501,   0.0248, 0
A,  652, PRO,  0.9176,   0.1320,   0.1197, 0
A,  653, GLU,  0.5928,  -0.0490,   0.0501, 44
A,  654, ALA,  0.4433,  -0.1324,   0.0286, 44
A,  655, LYS,  0.9924,   0.1737,   0.1389, 44
A,  656, PHE,  0.5093,  -0.0955,   0.0372, 0
A,  657, LEU,  1.3662,   0.3821,   0.2439, 0
A,  658, ARG,  1.2073,   0.2935,   0.1984, 22
A,  659, ARG,  0.4106,  -0.1506,   0.0247, 0
A,  660, ALA,  0.3837,  -0.1656,   0.0218, 0
A,  661, SER,  0.6925,   0.0065,   0.0682, 22
A,  662, PHE,  0.1306,  -0.3067,   0.0035, 0
A,  663, LEU,  0.1366,  -0.3033,   0.0037, 0
A,  664, LYS,  2.0899,   0.7854,   0.4342, 20
A,  665, HIS,  1.5379,   0.4778,   0.2932, 22
A,  666, ASN,  0.1115,  -0.3173,   0.0027, 0
A,  667, LEU,  0.0000,  -0.3795,   0.0002, 0
A,  668, TRP,  0.6561,  -0.0138,   0.0611, 22
A,  669, VAL,  0.0000,  -0.3795,   0.0002, 0
A,  670, THR,  0.1217,  -0.3116,   0.0031, 0
A,  671, ALA,  0.7238,   0.0240,   0.0746, 0
A,  672, TYR,  3.1505,   1.3766,   0.6340, 5
A,  673, LYS,  1.4650,   0.4372,   0.2727, 0
A,  674, ARG,  1.2484,   0.3164,   0.2100, 15
A,  675, ASP,  0.9369,   0.1427,   0.1245, 23
A,  676, GLU,  1.0280,   0.1935,   0.1485, 0
A,  677, GLN,  1.7622,   0.6028,   0.3540, 12
A,  678, PHE,  0.8707,   0.1059,   0.1080, 12
A,  679, PRO,  0.0000,  -0.3795,   0.0002, 0
A,  680, GLY,  0.1001,  -0.3237,   0.0023, 0
A,  681, GLY,  0.2898,  -0.2179,   0.0131, 0
A,  682, GLU,  1.7173,   0.5778,   0.3422, 12
A,  683, PHE,  2.4001,   0.9584,   0.5018, 0
A,  684, PRO,  0.3686,  -0.1740,   0.0203, 0
A,  685, ASN,  0.9843,   0.1692,   0.1368, 0
A,  686, GLN,  1.3219,   0.3574,   0.2312, 0
A,  687, ASN,  2.1582,   0.8235,   0.4496, 0
A,  688, PRO,  2.0691,   0.7738,   0.4295, 0
A,  689, ARG,  2.5853,   1.0616,   0.5384, 22
A,  690, VAL,  0.7029,   0.0123,   0.0702, 22
A,  691, ASN,  2.4595,   0.9914,   0.5140, 0
A,  692, GLU,  2.4438,   0.9827,   0.5107, 0
A,  693, GLY,  0.2682,  -0.2300,   0.0114, 0
A,  694, LEU,  0.3191,  -0.2016,   0.0156, 0
A,  695, ALA,  1.0245,   0.1916,   0.1475, 22
A,  696, THR,  2.0200,   0.7465,   0.4181, 0
A,  697, TRP,  1.0135,   0.1854,   0.1446, 0
A,  698, VAL,  0.3695,  -0.1735,   0.0203, 22
A,  699, LYS,  1.3553,   0.3760,   0.2408, 0
A,  700, GLN,  1.0990,   0.2331,   0.1679, 0
A,  701, ASN,  0.6123,  -0.0382,   0.0533, 0
A,  702, ARG,  1.1070,   0.2376,   0.1701, 0
A,  703, PRO,  0.6661,  -0.0082,   0.0630, 0
A,  704, LEU,  0.3388,  -0.1906,   0.0174, 0
A,  705, GLU,  0.9287,   0.1382,   0.1225, 0
A,  706, GLU,  1.0632,   0.2131,   0.1580, 0
A,  707, ALA,  0.5367,  -0.0803,   0.0413, 0
A,  708, ASP,  3.9086,   1.7992,   0.7321, 5
A,  709, ILE,  1.2805,   0.3343,   0.2193, 0
A,  710, VAL,  0.2791,  -0.2239,   0.0123, 0
A,  711, LEU,  0.0000,  -0.3795,   0.0002, 0
A,  712, TRP,  0.1642,  -0.2880,   0.0050, 0
A,  713, TYR,  0.1783,  -0.2801,   0.0057, 0
A,  714, VAL,  0.0000,  -0.3795,   0.0002, 0
A,  715, PHE,  0.0836,  -0.3329,   0.0018, 0
A,  716, GLY,  1.7907,   0.6187,   0.3613, 1
A,  717, LEU,  9.3266,   4.8192,   0.9649, 1
A,  718, THR, 10.2950,   5.3590,   0.9753, 1
A,  719, HIS,  7.0636,   3.5578,   0.9195, 1
A,  720, ILE, 12.1176,   6.3749,   0.9877, 1
A,  721, PRO,  3.7562,   1.7142,   0.7148, 1
A,  722, ARG,  5.0474,   2.4339,   0.8281, 1
A,  723, LEU,  4.2891,   2.0113,   0.7693, 1
A,  724, GLU,  1.2536,   0.3193,   0.2116, 0
A,  725, ASP,  0.5032,  -0.0990,   0.0364, 1
A,  726, TRP,  1.0063,   0.1814,   0.1426, 7
A,  727, PRO,  1.2595,   0.3226,   0.2133, 7
A,  728, VAL,  0.4249,  -0.1426,   0.0264, 0
A,  729, MET,  0.1656,  -0.2872,   0.0050, 0
A,  730, PRO,  1.6586,   0.5451,   0.3263, 1
A,  731, VAL,  5.4257,   2.6449,   0.8512, 1
A,  732, GLU,  7.1111,   3.5843,   0.9209, 1
A,  733, HIS, 13.4521,   7.1188,   0.9925, 1
A,  734, ILE,  5.0500,   2.4354,   0.8283, 1
A,  735, GLY,  0.8249,   0.0803,   0.0970, 1
A,  736, PHE,  0.6558,  -0.0139,   0.0611, 1
A,  737, MET,  9.6978,   5.0261,   0.9691, 1
A,  738, LEU,  0.1891,  -0.2741,   0.0062, 0
A,  739, MET,  8.3470,   4.2732,   0.9492, 1
A,  740, PRO,  0.3652,  -0.1759,   0.0199, 0
A,  741, HIS,  8.9523,   4.6106,   0.9595, 1
A,  742, GLY,  4.8919,   2.3473,   0.8172, 1
A,  743, PHE,  1.7677,   0.6059,   0.3554, 0
A,  744, PHE,  1.6202,   0.5237,   0.3158, 0
A,  745, ASN,  3.7791,   1.7270,   0.7175, 6
A,  746, CYS,  3.7795,   1.7272,   0.7176, 6
A,  747, SER,  3.0358,   1.3127,   0.6167, 6
A,  748, PRO,  2.5854,   1.0617,   0.5384, 6
A,  749, ALA,  1.1955,   0.2869,   0.1950, 0
A,  750, VAL,  3.2599,   1.4376,   0.6502, 6
A,  751, ASP,  2.0511,   0.7638,   0.4254, 6
A,  752, VAL,  0.8885,   0.1158,   0.1123, 9
A,  753, PRO,  1.2829,   0.3356,   0.2200, 9
A,  754, PRO,  1.8596,   0.6571,   0.3789, 9
A,  755, SER,  1.9851,   0.7271,   0.4099, 9
B,   86, SER,  2.9019,   1.2381,   0.5950, 0
B,   87, HIS,  2.8663,   1.2182,   0.5890, 2
B,   88, PRO,  2.4359,   0.9783,   0.5091, 2
B,   89, LEU,  3.5410,   1.5943,   0.6883, 2
B,   90, ASP,  2.8207,   1.1928,   0.5813, 8
B,   91, PRO,  3.1933,   1.4005,   0.6406, 8
B,   92, LEU,  2.4406,   0.9809,   0.5101, 8
B,   93, ALA,  1.4317,   0.4186,   0.2630, 0
B,   94, ALA,  1.0181,   0.1880,   0.1458, 0
B,   95, ALA,  0.6693,  -0.0064,   0.0636, 0
B,   96, GLU,  1.9298,   0.6962,   0.3962, 0
B,   97, ILE,  0.7241,   0.0242,   0.0747, 0
B,   98, SER,  1.0072,   0.1820,   0.1428, 0
B,   99, VAL,  0.9811,   0.1674,   0.1360, 0
B,  100, ALA,  0.2382,  -0.2467,   0.0093, 0
B,  101, VAL,  1.2502,   0.3174,   0.2106, 0
B,  102, ALA,  0.8701,   0.1055,   0.1078, 0
B,  103, THR,  0.8126,   0.0735,   0.0941, 0
B,  104, VAL,  0.3265,  -0.1975,   0.0163, 0
B,  105, ARG,  1.3125,   0.3521,   0.2286, 0
B,  106, ALA,  0.5402,  -0.0784,   0.0418, 0
B,  107, ALA,  0.7413,   0.0338,   0.0783, 0
B,  108, GLY,  0.7941,   0.0632,   0.0898, 18
B,  109, ALA,  0.8776,   0.1097,   0.1096, 18
B,  110, THR,  0.3803,  -0.1675,   0.0215, 0
B,  111, PRO,  0.5801,  -0.0561,   0.0481, 0
B,  112, GLU,  0.8522,   0.0956,   0.1034, 0
B,  113, LEU,  0.3528,  -0.1828,   0.0187, 0
B,  114, ARG,  1.2660,   0.3262,   0.2152, 18
B,  115, ASP,  0.6845,   0.0021,   0.0666, 0
B,  116, SER,  0.7636,   0.0462,   0.0831, 0
B,  117, MET,  1.1058,   0.2369,   0.1698, 18
B,  118, ARG,  0.8228,   0.0792,   0.0965, 34
B,  119, PHE,  0.6247,  -0.0313,   0.0555, 3
B,  120, LEU,  0.9340,   0.1411,   0.1238, 3
B,  121, LEU,  0.5995,  -0.0453,   0.0512, 8
B,  122, VAL,  0.5214,  -0.0888,   0.0390, 0
B,  123, VAL,  2.0737,   0.7764,   0.4305, 8
B,  124, LEU,  2.7685,   1.1637,   0.5723, 8
B,  125, LEU,  3.3629,   1.4950,   0.6646, 8
B,  126, GLU,  3.4254,   1.5299,   0.6728, 2
B,  127, PRO,  2.6210,   1.0815,   0.5452, 2
B,  128, GLU,  2.2247,   0.8606,   0.4647, 2
B,  129, LYS,  5.5230,   2.6991,   0.8566, 2
B,  130, GLN,  2.0152,   0.7438,   0.4170, 2
B,  131, VAL,  1.1710,   0.2732,   0.1881, 0
B,  132, VAL,  0.9803,   0.1670,   0.1358, 2
B,  133, ALA,  1.2843,   0.3364,   0.2204, 2
B,  134, LEU,  1.8685,   0.6620,   0.3812, 0
B,  135, ALA,  0.5330,  -0.0824,   0.0408, 0
B,  136, ASP,  0.7102,   0.0164,   0.0718, 0
B,  137, ALA,  0.7175,   0.0205,   0.0733, 0
B,  138, TYR,  1.2148,   0.2977,   0.2006, 2
B,  139, PHE,  1.8856,   0.6716,   0.3855, 2
B,  140, PHE,  1.0646,   0.2139,   0.1584, 0
B,  141, PRO,  2.1304,   0.8080,   0.4432, 0
B,  142, PRO,  1.1002,   0.2338,   0.1682, 0
B,  143, PHE,  0.7809,   0.0558,   0.0869, 0
B,  144, GLN,  1.2546,   0.3198,   0.2119, 0
B,  145, PRO,  2.4409,   0.9811,   0.5101, 0
B,  146, SER,  0.9674,   0.1598,   0.1324, 0
B,  147, LEU,  0.1759,  -0.2814,   0.0055, 0
B,  148, LEU,  0.5956,  -0.0475,   0.0506, 0
B,  149, PRO,  1.7572,   0.6000,   0.3527, 0
B,  150, ARG,  1.5082,   0.4612,   0.2850, 0
B,  151, THR,  1.3818,   0.3907,   0.2484, 0
B,  152, LYS,  1.4812,   0.4462,   0.2773, 0
B,  153, GLY,  1.7777,   0.6114,   0.3579, 0
B,  154, GLY,  0.8401,   0.0888,   0.1005, 0
B,  155, PRO,  1.3247,   0.3589,   0.2320, 0
B,  156, VAL,  0.6774,  -0.0019,   0.0652, 0
B,  157, ILE,  2.0309,   0.7526,   0.4207, 0
B,  158, PRO,  2.8095,   1.1865,   0.5793, 0
B,  159, SER,  0.4884,  -0.1072,   0.0343, 0
B,  160, LYS,  2.4958,   1.0117,   0.5212, 0
B,  161, LEU,  2.7484,   1.1525,   0.5685, 0
B,  162, PRO,  2.8325,   1.1994,   0.5833, 0
B,  163, PRO,  1.3741,   0.3865,   0.2462, 0
B,  164, ARG,  3.2737,   1.4453,   0.6521, 0
B,  165, ARG,  2.2539,   0.8769,   0.4711, 0
B,  166, ALA,  0.1273,  -0.3085,   0.0033, 0
B,  167, ARG,  2.3838,   0.9493,   0.4985, 8
B,  168, LEU,  0.2473,  -0.2416,   0.0099, 0
B,  169, VAL,  0.1982,  -0.2690,   0.0068, 0
B,  170, VAL,  0.4659,  -0.1198,   0.0314, 0
B,  171, TYR,  0.7913,   0.0616,   0.0892, 24
B,  172, ASN,  1.1966,   0.2875,   0.1953, 18
B,  173, LYS,  0.9003,   0.1224,   0.1152, 34
B,  174, ARG,  1.1076,   0.2379,   0.1703, 0
B,  175, SER,  1.0332,   0.1964,   0.1498, 24
B,  176, ASN,  1.1817,   0.2792,   0.1911, 18
B,  177, GLU,  1.0474,   0.2044,   0.1537, 18
B,  178, THR,  0.7332,   0.0292,   0.0766, 0
B,  179, SER,  0.6715,  -0.0052,   0.0641, 18
B,  180, VAL,  1.4814,   0.4463,   0.2773, 0
B,  181, TRP,  1.2735,   0.3304,   0.2173, 18
B,  182, VAL,  1.7676,   0.6058,   0.3554, 0
B,  183, VAL,  0.1405,  -0.3011,   0.0039, 0
B,  184, GLU,  0.7855,   0.0584,   0.0879, 0
B,  185, LEU,  0.7612,   0.0448,   0.0825, 0
B,  186, SER,  1.7950,   0.6211,   0.3624, 0
B,  187, GLU,  1.5699,   0.4956,   0.3020, 0
B,  188, VAL,  1.8629,   0.6589,   0.3798, 0
B,  189, HIS,  1.8549,   0.6545,   0.3778, 0
B,  190, ALA,  1.9550,   0.7103,   0.4024, 0
B,  191, VAL,  0.4998,  -0.1009,   0.0359, 0
B,  192, THR,  1.7144,   0.5761,   0.3414, 0
B,  193, ARG,  1.8329,   0.6422,   0.3721, 0
B,  194, GLY,  0.3061,  -0.2088,   0.0145, 0
B,  195, GLY,  0.4942,  -0.1040,   0.0351, 0
B,  196, HIS,  1.2474,   0.3158,   0.2098, 0
B,  197, HIS,  2.2634,   0.8822,   0.4731, 0
B,  198, ARG,  3.5677,   1.6092,   0.6918, 0
B,  199, GLY,  0.8395,   0.0885,   0.1004, 0
B,  200, LYS,  1.7764,   0.6107,   0.3576, 0
B,  201, VAL,  0.8625,   0.1013,   0.1059, 0
B,  202, ILE,  1.6754,   0.5544,   0.3308, 0
B,  203, SER,  1.2709,   0.3289,   0.2165, 0
B,  204, SER,  0.9935,   0.1743,   0.1392, 0
B,  205, GLU,  0.8253,   0.0805,   0.0971, 0
B,  206, VAL,  0.7439,   0.0352,   0.0788, 18
B,  207, VAL,  1.2926,   0.3410,   0.2228, 0
B,  208, PRO,  0.6358,  -0.0251,   0.0575, 0
B,  209, ASP,  2.1014,   0.7919,   0.4368, 0
B,  210, VAL,  0.9365,   0.1425,   0.1244, 24
B,  211, GLN,  1.4134,   0.4083,   0.2577, 0
B,  212, PRO,  0.0559,  -0.3483,   0.0011, 0
B,  213, PRO,  0.4513,  -0.1279,   0.0296, 0
B,  214, MET,  2.5418,   1.0373,   0.5301, 3
B,  215, ASP,  1.2343,   0.3085,   0.2060, 3
B,  216, ALA,  2.2921,   0.8981,   0.4792, 3
B,  217, VAL,  1.7073,   0.5722,   0.3395, 34
B,  218, GLU,  0.5283,  -0.0850,   0.0400, 34
B,  219, TYR,  5.0469,   2.4337,   0.8281, 3
B,  220, ALA,  0.9143,   0.1302,   0.1188, 3
B,  221, ASP,  1.0067,   0.1817,   0.1427, 34
B,  222, CYS,  0.1487,  -0.2966,   0.0043, 0
B,  223, GLU,  0.7515,   0.0394,   0.0804, 0
B,  224, ALA,  0.4676,  -0.1188,   0.0316, 0
B,  225, VAL,  0.7559,   0.0419,   0.0814, 0
B,  226, VAL,  0.2380,  -0.2468,   0.0093, 0
B,  227, LYS,  0.7973,   0.0650,   0.0906, 0
B,  228, GLU,  0.4986,  -0.1015,   0.0357, 0
B,  229, TYR,  0.9156,   0.1309,   0.1192, 0
B,  230, PRO,  0.6447,  -0.0201,   0.0591, 0
B,  231, PRO,  0.5621,  -0.0661,   0.0452, 0
B,  232, PHE,  0.2155,  -0.2593,   0.0078, 0
B,  233, SER,  0.4050,  -0.1537,   0.0241, 0
B,  234, GLU,  0.4517,  -0.1277,   0.0296, 0
B,  235, ALA,  0.4190,  -0.1459,   0.0257, 0
B,  236, MET,  0.1903,  -0.2734,   0.0063, 0
B,  237, LYS,  0.4697,  -0.1176,   0.0319, 0
B,  238, LYS,  0.5084,  -0.0961,   0.0371, 0
B,  239, ARG,  0.4605,  -0.1228,   0.0307, 0
B,  240, GLY,  0.1622,  -0.2890,   0.0049, 0
B,  241, ILE,  0.6031,  -0.0433,   0.0518, 42
B,  242, ASP,  0.3188,  -0.2017,   0.0156, 0
B,  243, ASP,  0.4325,  -0.1384,   0.0273, 42
B,  244, MET,  0.5680,  -0.0629,   0.0461, 0
B,  245, ASP,  0.5310,  -0.0835,   0.0405, 0
B,  246, LEU,  0.5399,  -0.0785,   0.0418, 42
B,  247, VAL,  0.1666,  -0.2866,   0.0051, 0
B,  248, MET,  0.9886,   0.1716,   0.1379, 0
B,  249, VAL,  0.8861,   0.1144,   0.1117, 0
B,  250, ASP,  2.7688,   1.1639,   0.5723, 3
B,  251, PRO,  4.6116,   2.1910,   0.7960, 3
B,  252, TRP,  4.0057,   1.8533,   0.7424, 3
B,  253, CYS,  2.6634,   1.1051,   0.5530, 3
B,  254, VAL,  1.3454,   0.3704,   0.2379, 0
B,  255, GLY,  1.4263,   0.4155,   0.2614, 0
B,  256, TYR,  2.1263,   0.8057,   0.4423, 0
B,  257, HIS,  2.7186,   1.1359,   0.5630, 0
B,  258, GLY,  1.3602,   0.3787,   0.2422, 0
B,  259, GLU,  1.6957,   0.5657,   0.3364, 0
B,  260, ALA,  0.6570,  -0.0133,   0.0613, 0
B,  261, ASP,  0.6543,  -0.0147,   0.0608, 0
B,  262, ALA,  0.7644,   0.0466,   0.0832, 0
B,  263, PRO,  1.0072,   0.1820,   0.1428, 0
B,  264, SER,  0.8679,   0.1043,   0.1072, 24
B,  265, ARG,  1.1444,   0.2584,   0.1806, 24
B,  266, ARG,  0.4376,  -0.1355,   0.0280, 24
B,  267, LEU,  0.6945,   0.0076,   0.0686, 0
B,  268, ALA,  0.1579,  -0.2914,   0.0047, 0
B,  269, LYS,  0.4367,  -0.1360,   0.0279, 0
B,  270, PRO,  0.0000,  -0.3795,   0.0002, 0
B,  271, LEU,  1.6631,   0.5475,   0.3275, 32
B,  272, ILE,  0.4673,  -0.1190,   0.0315, 0
B,  273, PHE,  1.5800,   0.5012,   0.3048, 32
B,  274, CYS,  0.2955,  -0.2148,   0.0136, 42
B,  275, ARG,  0.8977,   0.1209,   0.1146, 0
B,  276, THR,  0.6793,  -0.0008,   0.0656, 42
B,  277, GLU,  0.8129,   0.0736,   0.0942, 42
B,  278, SER,  1.4386,   0.4224,   0.2650, 0
B,  279, ASP,  1.8398,   0.6461,   0.3739, 0
B,  280, CYS,  1.4613,   0.4351,   0.2717, 0
B,  281, PRO,  1.0999,   0.2336,   0.1681, 0
B,  282, MET,  1.2625,   0.3242,   0.2142, 0
B,  283, GLU,  0.7222,   0.0231,   0.0743, 0
B,  284, ASN,  0.3735,  -0.1713,   0.0208, 45
B,  285, GLY,  0.3735,  -0.1713,   0.0208, 46
B,  286, TYR,  1.5637,   0.4921,   0.3004, 3
B,  287, ALA,  0.1068,  -0.3199,   0.0026, 0
B,  288, ARG,  0.7769,   0.0536,   0.0861, 42
B,  289, PRO,  1.1101,   0.2393,   0.1710, 32
B,  290, VAL,  0.4673,  -0.1190,   0.0315, 0
B,  291, GLU,  0.8121,   0.0732,   0.0940, 13
B,  292, GLY,  0.7306,   0.0278,   0.0761, 13
B,  293, ILE,  0.6059,  -0.0417,   0.0523, 0
B,  294, HIS,  0.4161,  -0.1475,   0.0254, 0
B,  295, VAL,  0.0039,  -0.3773,   0.0003, 0
B,  296, LEU,  0.7429,   0.0346,   0.0786, 0
B,  297, VAL,  0.0971,  -0.3254,   0.0022, 0
B,  298, ASP,  0.4323,  -0.1385,   0.0273, 24
B,  299, MET,  0.2993,  -0.2126,   0.0139, 34
B,  300, GLN,  0.8724,   0.1068,   0.1084, 24
B,  301, ASN,  0.7945,   0.0634,   0.0899, 24
B,  302, MET,  1.1594,   0.2668,   0.1849, 34
B,  303, VAL,  0.9348,   0.1416,   0.1240, 0
B,  304, VAL,  0.7844,   0.0577,   0.0877, 0
B,  305, ILE,  0.7518,   0.0396,   0.0805, 0
B,  306, GLU,  0.8474,   0.0929,   0.1022, 0
B,  307, PHE,  0.4910,  -0.1058,   0.0347, 0
B,  308, GLU,  0.8125,   0.0734,   0.0941, 0
B,  309, ASP,  0.5792,  -0.0566,   0.0479, 0
B,  310, ARG,  0.8461,   0.0922,   0.1020, 13
B,  311, LYS,  0.3931,  -0.1603,   0.0228, 13
B,  312, LEU,  0.3176,  -0.2024,   0.0155, 13
B,  313, VAL,  0.8176,   0.0763,   0.0953, 13
B,  314, PRO,  0.2844,  -0.2210,   0.0127, 0
B,  315, LEU,  0.3739,  -0.1710,   0.0208, 0
B,  316, PRO,  0.1761,  -0.2813,   0.0056, 0
B,  317, PRO,  0.5185,  -0.0905,   0.0386, 0
B,  318, ALA,  1.4960,   0.4544,   0.2815, 6
B,  319, ASP,  0.4208,  -0.1449,   0.0259, 0
B,  320, PRO,  1.0690,   0.2164,   0.1597, 0
B,  321, LEU,  2.9000,   1.2370,   0.5947, 6
B,  322, ARG,  2.4205,   0.9697,   0.5059, 6
B,  323, ASN,  1.1143,   0.2416,   0.1722, 0
B,  324, TYR,  0.8106,   0.0723,   0.0936, 45
B,  325, THR,  1.6951,   0.5654,   0.3362, 0
B,  326, ALA,  1.1174,   0.2434,   0.1731, 0
B,  327, GLY,  0.7509,   0.0391,   0.0803, 0
B,  328, GLU,  1.1192,   0.2444,   0.1736, 6
B,  329, THR,  2.6260,   1.0843,   0.5461, 6
B,  330, ARG,  2.5269,   1.0290,   0.5273, 6
B,  331, GLY,  1.9677,   0.7173,   0.4055, 6
B,  332, GLY,  0.4121,  -0.1498,   0.0249, 0
B,  333, VAL,  0.6122,  -0.0382,   0.0533, 6
B,  334, ASP,  0.9548,   0.1528,   0.1291, 0
B,  335, ARG,  1.8193,   0.6346,   0.3686, 6
B,  336, SER,  0.7162,   0.0197,   0.0730, 0
B,  337, ASP,  2.0878,   0.7843,   0.4338, 0
B,  338, VAL,  1.4299,   0.4176,   0.2625, 9
B,  339, LYS,  1.2557,   0.3205,   0.2122, 9
B,  340, PRO,  1.1890,   0.2833,   0.1931, 9
B,  341, LEU,  2.1135,   0.7986,   0.4394, 1
B,  342, ASP,  0.7852,   0.0582,   0.0879, 0
B,  343, ILE,  3.6586,   1.6599,   0.7032, 1
B,  344, ILE,  0.9604,   0.1559,   0.1306, 0
B,  345, GLN,  0.3467,  -0.1862,   0.0182, 0
B,  346, PRO,  0.2912,  -0.2172,   0.0133, 0
B,  347, GLU,  0.3787,  -0.1684,   0.0213, 0
B,  348, GLY,  0.3333,  -0.1937,   0.0169, 0
B,  349, PRO,  0.8398,   0.0887,   0.1005, 0
B,  350, SER,  1.0568,   0.2096,   0.1563, 0
B,  351, PHE,  1.1229,   0.2464,   0.1746, 0
B,  352, ARG,  1.7832,   0.6145,   0.3594, 0
B,  353, VAL,  0.7921,   0.0620,   0.0894, 0
B,  354, ASN,  1.2127,   0.2965,   0.2000, 0
B,  355, GLY,  0.9122,   0.1290,   0.1182, 0
B,  356, ASN,  1.9049,   0.6823,   0.3902, 0
B,  357, PHE,  1.2067,   0.2931,   0.1982, 2
B,  358, VAL,  0.0418,  -0.3561,   0.0009, 0
B,  359, GLU,  2.0242,   0.7489,   0.4191, 0
B,  360, TRP,  1.2591,   0.3224,   0.2132, 0
B,  361, GLN,  1.4691,   0.4394,   0.2738, 0
B,  362, LYS,  3.0278,   1.3083,   0.6155, 7
B,  363, TRP,  0.7137,   0.0184,   0.0725, 0
B,  364, ASN,  0.7608,   0.0446,   0.0824, 2
B,  365, PHE,  0.0805,  -0.3346,   0.0018, 0
B,  366, ARG,  1.6005,   0.5127,   0.3104, 2
B,  367, ILE,  0.7277,   0.0262,   0.0755, 41
B,  368, GLY,  1.6150,   0.5207,   0.3143, 8
B,  369, PHE,  1.6442,   0.5370,   0.3223, 8
B,  370, THR,  2.1429,   0.8150,   0.4460, 8
B,  371, PRO,  0.8227,   0.0791,   0.0965, 8
B,  372, ARG,  0.8422,   0.0900,   0.1010, 8
B,  373, GLU,  0.8326,   0.0847,   0.0988, 8
B,  374, GLY,  0.0032,  -0.3777,   0.0003, 0
B,  375, LEU,  0.1857,  -0.2759,   0.0061, 0
B,  376, VAL,  1.6664,   0.5494,   0.3284, 0
B,  377, ILE,  0.0000,  -0.3795,   0.0002, 0
B,  378, HIS,  2.4420,   0.9817,   0.5104, 2
B,  379, SER,  2.8988,   1.2363,   0.5945, 2
B,  380, VAL,  0.4575,  -0.1244,   0.0303, 0
B,  381, ALA,  0.6824,   0.0009,   0.0662, 2
B,  382, TYR,  1.1387,   0.2553,   0.1790, 0
B,  383, LEU,  2.6404,   1.0923,   0.5488, 0
B,  384, ASP,  2.4848,   1.0056,   0.5191, 7
B,  385, GLY,  1.8855,   0.6715,   0.3854, 7
B,  386, SER,  0.9056,   0.1253,   0.1166, 7
B,  387, ARG,  1.9321,   0.6975,   0.3968, 7
B,  388, GLY,  0.6114,  -0.0387,   0.0532, 43
B,  389, ARG,  1.9963,   0.7333,   0.4126, 2
B,  390, ARG,  1.6208,   0.5240,   0.3159, 28
B,  391, PRO,  4.1556,   1.9369,   0.7568, 2
B,  392, VAL,  0.5871,  -0.0522,   0.0492, 0
B,  393, ALA,  0.4279,  -0.1410,   0.0268, 2
B,  394, HIS,  7.2164,   3.6430,   0.9236, 2
B,  395, ARG,  2.9294,   1.2534,   0.5996, 8
B,  396, LEU,  0.2908,  -0.2174,   0.0132, 0
B,  397, SER,  0.1479,  -0.2970,   0.0042, 0
B,  398, PHE,  0.0543,  -0.3492,   0.0011, 0
B,  399, VAL,  0.2165,  -0.2588,   0.0078, 0
B,  400, GLU,  0.2300,  -0.2513,   0.0087, 0
B,  401, MET,  0.1335,  -0.3051,   0.0036, 0
B,  402, VAL,  0.2707,  -0.2285,   0.0116, 0
B,  403, VAL,  0.1564,  -0.2923,   0.0046, 3
B,  404, PRO,  0.1848,  -0.2764,   0.0060, 0
B,  405, TYR,  0.7785,   0.0545,   0.0864, 0
B,  406, GLY,  0.0947,  -0.3267,   0.0022, 0
B,  407, ASP,  0.3733,  -0.1714,   0.0207, 13
B,  408, PRO,  1.1345,   0.2529,   0.1778, 13
B,  409, ASN,  1.2058,   0.2927,   0.1979, 13
B,  410, GLU,  1.3118,   0.3517,   0.2284, 13
B,  411, PRO,  1.1654,   0.2701,   0.1866, 13
B,  412, HIS,  1.8073,   0.6279,   0.3655, 32
B,  413, TYR,  1.9143,   0.6876,   0.3925, 0
B,  414, ARG,  2.3990,   0.9577,   0.5016, 0
B,  415, LYS,  2.3982,   0.9573,   0.5014, 32
B,  416, ASN,  1.4206,   0.4124,   0.2598, 0
B,  417, ALA,  2.3364,   0.9229,   0.4883, 3
B,  418, PHE,  1.2953,   0.3425,   0.2236, 0
B,  419, ASP,  1.5530,   0.4862,   0.2975, 3
B,  420, ALA,  0.3659,  -0.1755,   0.0200, 0
B,  421, GLY,  0.4553,  -0.1257,   0.0301, 0
B,  422, GLU,  1.2231,   0.3023,   0.2029, 0
B,  423, ASP,  3.9875,   1.8432,   0.7404, 3
B,  424, GLY,  0.6247,  -0.0313,   0.0555, 0
B,  425, LEU,  0.3752,  -0.1703,   0.0209, 0
B,  426, GLY,  0.1203,  -0.3124,   0.0031, 0
B,  427, LYS,  2.0143,   0.7433,   0.4168, 3
B,  428, ASN,  2.4201,   0.9695,   0.5059, 3
B,  429, ALA,  0.7996,   0.0662,   0.0911, 3
B,  430, HIS,  1.6283,   0.5282,   0.3180, 3
B,  431, SER,  1.3344,   0.3644,   0.2348, 0
B,  432, LEU,  0.8892,   0.1162,   0.1124, 0
B,  433, LYS,  1.3169,   0.3546,   0.2298, 37
B,  434, LYS,  1.5446,   0.4815,   0.2951, 0
B,  435, GLY,  1.0679,   0.2158,   0.1594, 9
B,  436, CYS,  2.9998,   1.2926,   0.6112, 37
B,  437, ASP,  7.9717,   4.0640,   0.9417, 1
B,  438, CYS,  8.8385,   4.5472,   0.9575, 1
B,  439, LEU, 10.9594,   5.7293,   0.9810, 1
B,  440, GLY,  2.1913,   0.8420,   0.4573, 0
B,  441, TYR,  0.9889,   0.1718,   0.1380, 1
B,  442, ILE,  4.3091,   2.0224,   0.7710, 0
B,  443, LYS,  0.9149,   0.1305,   0.1190, 0
B,  444, TYR,  0.9559,   0.1534,   0.1294, 0
B,  445, PHE,  1.3285,   0.3610,   0.2331, 41
B,  446, ASP,  1.6344,   0.5316,   0.3196, 41
B,  447, ALA,  0.9270,   0.1372,   0.1221, 41
B,  448, HIS,  1.6543,   0.5426,   0.3251, 8
B,  449, PHE,  1.5585,   0.4893,   0.2990, 3
B,  450, THR,  0.9393,   0.1441,   0.1251, 3
B,  451, ASN,  1.7423,   0.5917,   0.3489, 3
B,  452, PHE,  1.4104,   0.4067,   0.2569, 3
B,  453, THR,  1.2421,   0.3129,   0.2082, 0
B,  454, GLY,  0.8261,   0.0810,   0.0973, 0
B,  455, GLY,  1.1711,   0.2733,   0.1882, 0
B,  456, VAL,  1.1167,   0.2430,   0.1729, 0
B,  457, GLU,  1.3437,   0.3695,   0.2374, 0
B,  458, THR,  1.0934,   0.2300,   0.1663, 0
B,  459, ILE,  0.9113,   0.1285,   0.1180, 0
B,  460, GLU,  0.9612,   0.1563,   0.1308, 0
B,  461, ASN,  0.7615,   0.0450,   0.0826, 0
B,  462, CYS,  0.2669,  -0.2307,   0.0113, 0
B,  463, VAL,  0.1944,  -0.2711,   0.0065, 0
B,  464, CYS,  2.4846,   1.0054,   0.5191, 0
B,  465, LEU,  0.0872,  -0.3309,   0.0019, 0
B,  466, HIS, 13.3581,   7.0664,   0.9922, 1
B,  467, GLU,  0.2875,  -0.2192,   0.0130, 1
B,  468, GLU, 17.0522,   9.1255,   0.9979, 1
B,  469, ASP, 10.7282,   5.6004,   0.9793, 1
B,  470, HIS, 23.0443,  12.4654,   0.9998, 1
B,  471, GLY, 16.4618,   8.7963,   0.9974, 1
B,  472, VAL, 12.8815,   6.8007,   0.9906, 1
B,  473, LEU,  2.5575,   1.0461,   0.5331, 1
B,  474, TRP,  0.6553,  -0.0142,   0.0610, 0
B,  475, LYS,  0.7477,   0.0373,   0.0796, 0
B,  476, HIS,  0.0511,  -0.3510,   0.0010, 0
B,  477, GLN,  0.9956,   0.1755,   0.1397, 4
B,  478, ASP,  1.1069,   0.2375,   0.1701, 4
B,  479, TRP,  3.1895,   1.3984,   0.6400, 4
B,  480, ARG,  2.9239,   1.2503,   0.5987, 4
B,  481, THR,  0.4369,  -0.1359,   0.0279, 0
B,  482, GLY,  0.4404,  -0.1340,   0.0283, 0
B,  483, LEU,  0.7418,   0.0340,   0.0784, 0
B,  484, ALA,  1.1234,   0.2467,   0.1748, 39
B,  485, GLU,  1.2379,   0.3105,   0.2070, 0
B,  486, VAL,  1.2395,   0.3114,   0.2075, 39
B,  487, ARG,  1.7652,   0.6045,   0.3548, 0
B,  488, ARG, 12.7139,   6.7073,   0.9901, 1
B,  489, SER,  2.7171,   1.1351,   0.5627, 1
B,  490, ARG,  0.6193,  -0.0343,   0.0546, 19
B,  491, ARG, 22.4509,  12.1347,   0.9997, 1
B,  492, LEU,  0.0000,  -0.3795,   0.0002, 0
B,  493, THR, 13.3106,   7.0399,   0.9920, 0
B,  494, VAL,  0.0000,  -0.3795,   0.0002, 0
B,  495, SER,  7.8250,   3.9822,   0.9385, 0
B,  496, PHE,  0.2956,  -0.2147,   0.0136, 0
B,  497, ILE,  2.6255,   1.0840,   0.5461, 0
B,  498, CYS,  0.1114,  -0.3174,   0.0027, 0
B,  499, THR,  1.3881,   0.3943,   0.2503, 3
B,  500, VAL,  4.2318,   1.9793,   0.7641, 3
B,  501, ALA,  5.1562,   2.4946,   0.8352, 3
B,  502, ASN,  2.0866,   0.7836,   0.4335, 0
B,  503, TYR,  0.9046,   0.1248,   0.1163, 3
B,  504, GLU,  0.5068,  -0.0970,   0.0369, 0
B,  505, TYR,  0.5402,  -0.0783,   0.0418, 0
B,  506, GLY,  0.3838,  -0.1655,   0.0218, 0
B,  507, PHE,  0.2956,  -0.2147,   0.0136, 0
B,  508, TYR, 13.0208,   6.8783,   0.9910, 1
B,  509, TRP,  0.1288,  -0.3077,   0.0034, 0
B,  510, HIS, 13.1797,   6.9669,   0.9916, 1
B,  511, PHE,  0.0000,  -0.3795,   0.0002, 0
B,  512, TYR, 11.1939,   5.8600,   0.9825, 1
B,  513, GLN,  0.4095,  -0.1512,   0.0246, 19
B,  514, ASP,  1.6672,   0.5498,   0.3286, 1
B,  515, GLY,  0.0430,  -0.3555,   0.0009, 0
B,  516, LYS,  7.2386,   3.6553,   0.9243, 1
B,  517, ILE,  0.2908,  -0.2174,   0.0132, 0
B,  518, GLU,  7.2929,   3.6856,   0.9258, 1
B,  519, ALA,  0.4048,  -0.1538,   0.0241, 1
B,  520, GLU, 15.2242,   8.1065,   0.9960, 1
B,  521, VAL,  0.1928,  -0.2720,   0.0065, 0
B,  522, LYS, 21.9110,  11.8337,   0.9996, 1
B,  523, LEU,  0.3766,  -0.1695,   0.0211, 0
B,  524, THR,  0.3838,  -0.1655,   0.0218, 0
B,  525, GLY,  0.0000,  -0.3795,   0.0002, 0
B,  526, ILE,  0.2351,  -0.2484,   0.0091, 0
B,  527, LEU,  0.7652,   0.0470,   0.0834, 1
B,  528, SER,  1.1053,   0.2366,   0.1697, 32
B,  529, LEU,  1.4197,   0.4119,   0.2596, 32
B,  530, GLY,  1.1315,   0.2512,   0.1770, 0
B,  531, ALA,  0.7788,   0.0546,   0.0865, 13
B,  532, LEU,  0.9603,   0.1558,   0.1305, 0
B,  533, GLN,  1.0486,   0.2050,   0.1540, 13
B,  534, PRO,  0.6096,  -0.0397,   0.0529, 0
B,  535, GLY,  0.2922,  -0.2166,   0.0133, 0
B,  536, GLU,  0.4813,  -0.1112,   0.0334, 13
B,  537, VAL,  1.2601,   0.3229,   0.2135, 1
B,  538, ARG,  1.5799,   0.5012,   0.3048, 1
B,  539, LYS,  1.6908,   0.5630,   0.3350, 1
B,  540, TYR,  1.3261,   0.3597,   0.2324, 13
B,  541, GLY,  0.5617,  -0.0664,   0.0451, 1
B,  542, THR,  5.4646,   2.6665,   0.8535, 1
B,  543, THR,  3.9770,   1.8373,   0.7393, 1
B,  544, ILE,  2.0437,   0.7597,   0.4237, 0
B,  545, ALA,  2.2536,   0.8767,   0.4710, 6
B,  546, PRO,  1.5849,   0.5040,   0.3061, 0
B,  547, GLY,  0.5199,  -0.0897,   0.0388, 0
B,  548, LEU,  1.1313,   0.2511,   0.1769, 0
B,  549, TYR,  1.3390,   0.3669,   0.2361, 0
B,  550, ALA,  0.2285,  -0.2521,   0.0086, 0
B,  551, PRO,  0.6996,   0.0105,   0.0696, 32
B,  552, VAL,  0.7754,   0.0527,   0.0857, 1
B,  553, HIS,  0.1357,  -0.3038,   0.0037, 0
B,  554, GLN,  0.7547,   0.0412,   0.0811, 0
B,  555, HIS,  0.2204,  -0.2566,   0.0081, 0
B,  556, PHE,  0.9952,   0.1753,   0.1396, 0
B,  557, PHE,  0.0543,  -0.3492,   0.0011, 0
B,  558, VAL,  0.0543,  -0.3492,   0.0011, 0
B,  559, ALA,  0.0000,  -0.3795,   0.0002, 0
B,  560, ARG,  0.7940,   0.0631,   0.0898, 0
B,  561, MET,  0.2908,  -0.2174,   0.0132, 0
B,  562, ASP,  3.3305,   1.4770,   0.6601, 0
B,  563, MET,  3.7720,   1.7231,   0.7167, 0
B,  564, ALA,  5.4847,   2.6777,   0.8546, 2
B,  565, VAL,  0.2077,  -0.2637,   0.0073, 0
B,  566, ASP,  1.4807,   0.4459,   0.2771, 28
B,  567, CYS,  2.5244,   1.0277,   0.5268, 2
B,  568, ARG,  1.1296,   0.2502,   0.1764, 0
B,  569, PRO,  0.3562,  -0.1809,   0.0191, 43
B,  570, GLY,  5.1211,   2.4750,   0.8329, 2
B,  571, GLU,  4.6792,   2.2288,   0.8012, 0
B,  572, ALA,  5.2896,   2.5690,   0.8431, 2
B,  573, LEU,  0.8772,   0.1095,   0.1096, 0
B,  574, ASN,  0.2410,  -0.2451,   0.0095, 0
B,  575, GLN,  0.6617,  -0.0106,   0.0622, 0
B,  576, VAL,  0.0000,  -0.3795,   0.0002, 0
B,  577, VAL,  0.9740,   0.1635,   0.1342, 0
B,  578, GLU,  0.4678,  -0.1187,   0.0316, 36
B,  579, VAL,  4.4625,   2.1079,   0.7842, 1
B,  580, ASN,  1.3953,   0.3983,   0.2524, 36
B,  581, VAL,  5.7725,   2.8381,   0.8694, 1
B,  582, LYS,  0.6905,   0.0054,   0.0678, 36
B,  583, VAL,  0.8080,   0.0709,   0.0930, 20
B,  584, GLU,  0.9744,   0.1637,   0.1342, 0
B,  585, GLU,  0.4487,  -0.1294,   0.0293, 0
B,  586, PRO,  0.3299,  -0.1956,   0.0166, 0
B,  587, GLY,  0.5067,  -0.0970,   0.0368, 0
B,  588, LYS,  1.1235,   0.2468,   0.1748, 0
B,  589, ASN,  2.5066,   1.0177,   0.5234, 0
B,  590, ASN,  1.1690,   0.2721,   0.1876, 0
B,  591, VAL,  1.1462,   0.2594,   0.1811, 44
B,  592, HIS,  1.0856,   0.2257,   0.1642, 44
B,  593, ASN,  0.5321,  -0.0829,   0.0406, 44
B,  594, ASN,  0.3057,  -0.2091,   0.0144, 0
B,  595, ALA,  0.4666,  -0.1194,   0.0315, 0
B,  596, PHE,  0.4166,  -0.1472,   0.0254, 0
B,  597, PHE,  1.0191,   0.1886,   0.1461, 0
B,  598, ALA,  3.9458,   1.8199,   0.7360, 1
B,  599, GLU,  0.9907,   0.1728,   0.1384, 36
B,  600, GLU,  5.4977,   2.6850,   0.8553, 1
B,  601, LYS,  0.9121,   0.1289,   0.1182, 36
B,  602, LEU,  1.2917,   0.3405,   0.2225, 0
B,  603, LEU,  0.3884,  -0.1630,   0.0223, 0
B,  604, LYS,  1.0178,   0.1879,   0.1458, 0
B,  605, SER,  0.5828,  -0.0546,   0.0485, 0
B,  606, GLU,  0.2355,  -0.2482,   0.0091, 0
B,  607, LEU,  0.5493,  -0.0733,   0.0432, 0
B,  608, GLN,  1.3545,   0.3755,   0.2406, 0
B,  609, ALA,  0.2824,  -0.2220,   0.0125, 0
B,  610, MET,  1.0890,   0.2276,   0.1651, 33
B,  611, ARG,  0.9062,   0.1256,   0.1167, 0
B,  612, ASP,  1.0779,   0.2213,   0.1621, 27
B,  613, CYS,  0.8964,   0.1202,   0.1142, 27
B,  614, ASP,  1.4875,   0.4497,   0.2791, 26
B,  615, PRO,  2.5700,   1.0530,   0.5355, 1
B,  616, SER,  1.1652,   0.2700,   0.1865, 20
B,  617, CYS,  1.7091,   0.5732,   0.3400, 20
B,  618, ALA,  9.5443,   4.9405,   0.9675, 1
B,  619, ARG,  2.5747,   1.0557,   0.5364, 1
B,  620, HIS, 12.5893,   6.6378,   0.9896, 1
B,  621, TRP,  0.2063,  -0.2645,   0.0072, 0
B,  622, ILE,  5.7384,   2.8191,   0.8677, 0
B,  623, VAL,  0.1242,  -0.3102,   0.0032, 0
B,  624, ARG,  4.9474,   2.3782,   0.8211, 1
B,  625, ASN,  0.1568,  -0.2921,   0.0046, 0
B,  626, THR,  1.1452,   0.2589,   0.1808, 0
B,  627, ARG,  0.6922,   0.0064,   0.0681, 0
B,  628, THR,  0.9503,   0.1502,   0.1279, 28
B,  629, VAL,  0.5542,  -0.0705,   0.0439, 28
B,  630, ASN,  3.7882,   1.7321,   0.7186, 28
B,  631, ARG,  1.8790,   0.6679,   0.3838, 7
B,  632, THR,  1.6044,   0.5148,   0.3115, 0
B,  633, GLY,  0.3993,  -0.1569,   0.0235, 0
B,  634, GLN,  6.7180,   3.3652,   0.9085, 1
B,  635, LEU,  2.5976,   1.0685,   0.5407, 1
B,  636, THR,  1.3138,   0.3528,   0.2290, 0
B,  637, GLY,  0.8835,   0.1130,   0.1111, 0
B,  638, TYR,  0.2908,  -0.2174,   0.0132, 0
B,  639, ARG,  9.6890,   5.0212,   0.9690, 1
B,  640, LEU,  0.0867,  -0.3311,   0.0019, 0
B,  641, VAL,  9.4700,   4.8991,   0.9668, 1
B,  642, PRO,  2.8383,   1.2026,   0.5843, 1
B,  643, GLY,  2.3312,   0.9199,   0.4872, 1
B,  644, SER,  2.8115,   1.1877,   0.5797, 1
B,  645, ASN,  5.4443,   2.6552,   0.8523, 1
B,  646, CYS,  4.9784,   2.3955,   0.8233, 1
B,  647, LEU,  0.7545,   0.0411,   0.0811, 27
B,  648, PRO,  0.6235,  -0.0319,   0.0553, 27
B,  649, LEU,  0.8793,   0.1107,   0.1101, 0
B,  650, ALA,  0.3983,  -0.1574,   0.0234, 0
B,  651, GLY,  0.3218,  -0.2001,   0.0159, 0
B,  652, PRO,  0.9874,   0.1709,   0.1376, 0
B,  653, GLU,  0.9300,   0.1389,   0.1228, 0
B,  654, ALA,  0.6700,  -0.0060,   0.0638, 0
B,  655, LYS,  2.4016,   0.9592,   0.5021, 0
B,  656, PHE,  1.0042,   0.1803,   0.1420, 0
B,  657, LEU,  1.2918,   0.3406,   0.2225, 0
B,  658, ARG,  2.5797,   1.0585,   0.5373, 0
B,  659, ARG,  1.6402,   0.5348,   0.3212, 0
B,  660, ALA,  1.1099,   0.2392,   0.1710, 0
B,  661, SER,  1.5588,   0.4894,   0.2991, 33
B,  662, PHE,  0.7767,   0.0535,   0.0860, 0
B,  663, LEU,  0.2673,  -0.2305,   0.0114, 0
B,  664, LYS,  1.9606,   0.7134,   0.4038, 27
B,  665, HIS,  1.3762,   0.3876,   0.2468, 33
B,  666, ASN,  0.1092,  -0.3186,   0.0027, 0
B,  667, LEU,  0.0000,  -0.3795,   0.0002, 0
B,  668, TRP,  0.5064,  -0.0972,   0.0368, 33
B,  669, VAL,  0.0000,  -0.3795,   0.0002, 0
B,  670, THR,  0.0000,  -0.3795,   0.0002, 0
B,  671, ALA,  0.4975,  -0.1022,   0.0356, 0
B,  672, TYR,  2.7505,   1.1537,   0.5689, 2
B,  673, LYS,  1.3863,   0.3933,   0.2498, 0
B,  674, ARG,  2.2167,   0.8561,   0.4629, 0
B,  675, ASP,  1.4937,   0.4531,   0.2809, 0
B,  676, GLU,  1.0449,   0.2030,   0.1530, 0
B,  677, GLN,  1.8295,   0.6403,   0.3713, 8
B,  678, PHE,  0.6505,  -0.0169,   0.0601, 8
B,  679, PRO,  0.6272,  -0.0299,   0.0560, 0
B,  680, GLY,  0.8694,   0.1051,   0.1076, 0
B,  681, GLY,  1.1173,   0.2433,   0.1731, 0
B,  682, GLU,  1.6122,   0.5192,   0.3136, 0
B,  683, PHE,  2.8757,   1.2234,   0.5906, 0
B,  684, PRO,  1.0260,   0.1924,   0.1479, 0
B,  685, ASN,  0.8911,   0.1172,   0.1129, 0
B,  686, GLN,  0.8105,   0.0723,   0.0936, 0
B,  687, ASN,  2.2119,   0.8534,   0.4618, 0
B,  688, PRO,  2.1667,   0.8283,   0.4516, 0
B,  689, ARG,  2.2448,   0.8718,   0.4691, 0
B,  690, VAL,  1.8542,   0.6541,   0.3776, 0
B,  691, ASN,  2.8473,   1.2076,   0.5858, 0
B,  692, GLU,  3.0192,   1.3034,   0.6142, 0
B,  693, GLY,  0.9351,   0.1418,   0.1241, 0
B,  694, LEU,  0.7048,   0.0134,   0.0706, 0
B,  695, ALA,  1.4955,   0.4542,   0.2814, 33
B,  696, THR,  1.0743,   0.2194,   0.1611, 0
B,  697, TRP,  0.9410,   0.1450,   0.1255, 0
B,  698, VAL,  0.3203,  -0.2009,   0.0157, 33
B,  699, LYS,  0.8703,   0.1056,   0.1078, 33
B,  700, GLN,  0.8775,   0.1097,   0.1096, 0
B,  701, ASN,  0.4847,  -0.1093,   0.0338, 0
B,  702, ARG,  0.8444,   0.0912,   0.1015, 0
B,  703, PRO,  0.4914,  -0.1055,   0.0347, 0
B,  704, LEU,  0.3057,  -0.2091,   0.0144, 0
B,  705, GLU,  0.7538,   0.0407,   0.0809, 0
B,  706, GLU,  0.7321,   0.0286,   0.0764, 0
B,  707, ALA,  0.4885,  -0.1072,   0.0344, 0
B,  708, ASP,  4.5789,   2.1728,   0.7935, 2
B,  709, ILE,  1.2937,   0.3417,   0.2231, 0
B,  710, VAL,  0.4721,  -0.1163,   0.0322, 0
B,  711, LEU,  0.0663,  -0.3425,   0.0014, 0
B,  712, TRP,  0.1046,  -0.3212,   0.0025, 0
B,  713, TYR,  0.2569,  -0.2363,   0.0106, 0
B,  714, VAL,  0.0000,  -0.3795,   0.0002, 0
B,  715, PHE,  0.0830,  -0.3332,   0.0018, 0
B,  716, GLY,  2.3950,   0.9555,   0.5008, 1
B,  717, LEU, 10.9037,   5.6983,   0.9806, 1
B,  718, THR, 11.1046,   5.8102,   0.9819, 1
B,  719, HIS,  7.0463,   3.5482,   0.9189, 1
B,  720, ILE, 11.1420,   5.8311,   0.9821, 1
B,  721, PRO,  3.6396,   1.6492,   0.7009, 1
B,  722, ARG,  6.6747,   3.3410,   0.9072, 1
B,  723, LEU,  4.5905,   2.1793,   0.7944, 1
B,  724, GLU,  1.7744,   0.6096,   0.3571, 0
B,  725, ASP,  1.0525,   0.2072,   0.1551, 1
B,  726, TRP,  2.0522,   0.7644,   0.4256, 6
B,  727, PRO,  2.2639,   0.8824,   0.4732, 6
B,  728, VAL,  0.3098,  -0.2068,   0.0148, 0
B,  729, MET,  0.6175,  -0.0353,   0.0542, 0
B,  730, PRO,  1.4045,   0.4034,   0.2552, 0
B,  731, VAL,  9.4245,   4.8738,   0.9662, 1
B,  732, GLU,  9.6981,   5.0262,   0.9691, 1
B,  733, HIS, 16.8685,   9.0231,   0.9977, 1
B,  734, ILE,  4.7549,   2.2709,   0.8071, 1
B,  735, GLY,  0.7846,   0.0579,   0.0877, 1
B,  736, PHE,  0.9864,   0.1704,   0.1373, 1
B,  737, MET,  8.3744,   4.2884,   0.9498, 1
B,  738, LEU,  0.2908,  -0.2174,   0.0132, 0
B,  739, MET,  8.7047,   4.4725,   0.9555, 1
B,  740, PRO,  0.0657,  -0.3428,   0.0014, 0
B,  741, HIS,  8.9902,   4.6317,   0.9601, 1
B,  742, GLY,  4.1221,   1.9182,   0.7537, 1
B,  743, PHE,  2.1738,   0.8322,   0.4532, 28
B,  744, PHE,  1.4841,   0.4478,   0.2781, 0
B,  745, ASN,  2.5543,   1.0443,   0.5325, 7
B,  746, CYS,  2.6119,   1.0764,   0.5435, 7
B,  747, SER,  2.5200,   1.0252,   0.5260, 7
B,  748, PRO,  2.3743,   0.9440,   0.4965, 7
B,  749, ALA,  1.1025,   0.2350,   0.1689, 0
B,  750, VAL,  2.7496,   1.1532,   0.5687, 7
B,  751, ASP,  1.5898,   0.5067,   0.3075, 7
B,  752, VAL,  0.7079,   0.0151,   0.0713, 19
B,  753, PRO,  0.8610,   0.1005,   0.1055, 19
B,  754, PRO,  1.7146,   0.5763,   0.3414, 0
B,  755, SER,  1.9529,   0.7091,   0.4019, 19
