1,A,47,GLN,NE2
1,A,47,GLN,OE1
1,A,50,GLY,O
1,A,51,SER,CA
1,A,51,SER,CB
1,A,51,SER,OG
1,A,52,HIS,N
1,A,52,HIS,CA
1,A,52,HIS,O
1,A,52,HIS,CB
1,A,52,HIS,CD2
1,A,52,HIS,ND1
1,A,53,SER,N
1,A,53,SER,CB
1,A,53,SER,OG
1,A,54,HIS,CB
1,A,54,HIS,CD2
1,A,54,HIS,ND1
1,A,54,HIS,CE1
1,A,54,HIS,NE2
1,A,56,ILE,CG1
1,A,56,ILE,CD1
1,A,57,PHE,N
1,A,57,PHE,CA
1,A,57,PHE,CB
1,A,57,PHE,CD1
1,A,58,ARG,CZ
1,A,58,ARG,NH1
1,A,58,ARG,NH2
1,A,126,HIS,N
1,A,126,HIS,C
1,A,126,HIS,O
1,A,126,HIS,CB
1,A,126,HIS,ND1
1,A,127,PHE,CA
1,A,127,PHE,C
1,A,127,PHE,O
1,A,127,PHE,CD1
1,A,127,PHE,CE1
1,A,127,PHE,CZ
1,A,128,ALA,N
1,A,128,ALA,O
1,A,129,ALA,CA
1,A,129,ALA,CB
1,A,130,LEU,CD1
1,A,131,TRP,CB
1,A,131,TRP,CD1
1,A,131,TRP,NE1
1,A,148,VAL,CG1
1,A,149,ASN,O
1,A,150,SER,CA
1,A,150,SER,CB
1,A,151,MET,CG
1,A,151,MET,SD
1,A,151,MET,CE
1,A,157,HIS,O
1,A,157,HIS,CB
1,A,157,HIS,CD2
1,A,164,PHE,CZ
1,A,166,THR,CB
1,A,166,THR,CG2
1,A,166,THR,OG1
1,A,168,PRO,CB
1,A,168,PRO,CG
1,A,168,PRO,CD
1,A,182,VAL,O
1,A,182,VAL,CG1
1,A,183,PHE,CA
1,A,183,PHE,CB
1,A,184,ASP,N
1,A,184,ASP,C
1,A,184,ASP,O
1,A,184,ASP,CB
1,A,184,ASP,CG
1,A,184,ASP,OD1
1,A,184,ASP,OD2
1,A,185,LEU,CA
1,A,185,LEU,CB
1,A,185,LEU,CD2
1,A,186,ALA,N
1,A,186,ALA,CB
1,A,189,ALA,CA
1,A,189,ALA,O
1,A,189,ALA,CB
1,A,190,ILE,CA
1,A,190,ILE,CB
1,A,190,ILE,CG1
1,A,190,ILE,CD1
1,A,191,ALA,N
1,A,191,ALA,CB
1,A,192,HIS,N
1,A,192,HIS,CB
1,A,192,HIS,ND1
1,A,192,HIS,CE1
1,A,193,GLY,N
1,A,194,ASP,CA
1,A,194,ASP,O
1,A,194,ASP,CB
1,A,194,ASP,CG
1,A,194,ASP,OD1
1,A,194,ASP,OD2
1,A,196,GLN,NE2
1,A,197,ILE,CG2
1,A,197,ILE,CD1
1,A,198,ALA,N
1,A,198,ALA,CA
1,A,198,ALA,CB
1,A,200,ARG,NH1
1,A,200,ARG,NH2
1,A,201,GLU,OE1
1,A,201,GLU,OE2
1,A,203,ARG,CB
1,A,203,ARG,CG
1,A,203,ARG,CZ
1,A,203,ARG,NH1
1,A,203,ARG,NH2
1,A,204,LEU,O
1,A,205,LEU,CA
1,A,205,LEU,CD2
1,A,206,PRO,CG
1,A,206,PRO,CD
1,A,207,ALA,O
1,A,208,GLY,CA
1,A,208,GLY,O
1,A,209,MET,SD
1,A,209,MET,CE
1,A,232,PRO,O
1,A,233,PHE,CA
1,A,233,PHE,CB
1,A,234,GLY,N
1,A,234,GLY,CA
1,A,234,GLY,O
1,A,235,GLY,N
1,A,236,HIS,CA
1,A,236,HIS,O
1,A,236,HIS,CB
1,A,236,HIS,CD2
1,A,236,HIS,CE1
1,A,236,HIS,NE2
1,A,237,LYS,CA
1,A,237,LYS,CG
1,A,237,LYS,CD
1,A,237,LYS,CE
1,A,237,LYS,NZ
1,A,239,SER,C
1,A,239,SER,O
1,A,239,SER,CB
1,A,239,SER,OG
1,A,240,ALA,N
1,A,240,ALA,CA
1,A,240,ALA,CB
1,A,243,MET,CB
1,A,243,MET,SD
1,A,263,TRP,CZ3
1,A,263,TRP,CH2
1,A,270,GLN,O
1,A,270,GLN,CB
1,A,270,GLN,CD
1,A,270,GLN,NE2
1,A,272,PRO,CB
1,A,272,PRO,CG
1,A,272,PRO,CD
1,A,274,THR,OG1
1,A,307,GLN,NE2
1,A,307,GLN,OE1
1,A,309,ARG,O
1,A,309,ARG,CG
1,A,309,ARG,CD
1,A,309,ARG,NE
1,A,309,ARG,CZ
1,A,309,ARG,NH1
1,A,309,ARG,NH2
1,A,310,LEU,C
1,A,310,LEU,O
1,A,311,PRO,N
1,A,311,PRO,CA
1,A,311,PRO,CB
1,A,311,PRO,CG
1,A,311,PRO,CD
1,A,312,GLY,N
1,A,312,GLY,CA
1,A,312,GLY,C
1,A,312,GLY,O
1,A,313,ASP,N
1,A,314,ARG,N
1,A,314,ARG,CB
1,A,314,ARG,CD
1,A,314,ARG,NE
1,A,314,ARG,CZ
1,A,314,ARG,NH1
1,A,314,ARG,NH2
1,A,315,ARG,CG
1,A,315,ARG,CD
1,A,315,ARG,NE
1,A,315,ARG,NH2
1,A,333,ASP,OD2
1,B,50,GLY,O
1,B,51,SER,CA
1,B,51,SER,C
1,B,51,SER,O
1,B,51,SER,CB
1,B,51,SER,OG
1,B,52,HIS,N
1,B,53,SER,N
1,B,53,SER,OG
1,B,54,HIS,CB
1,B,54,HIS,CD2
1,B,54,HIS,ND1
1,B,54,HIS,CE1
1,B,54,HIS,NE2
1,B,58,ARG,NH1
1,B,58,ARG,NH2
1,B,126,HIS,N
1,B,126,HIS,C
1,B,126,HIS,O
1,B,126,HIS,CB
1,B,126,HIS,ND1
1,B,127,PHE,CA
1,B,127,PHE,C
1,B,127,PHE,O
1,B,127,PHE,CD1
1,B,127,PHE,CE1
1,B,127,PHE,CZ
1,B,128,ALA,N
1,B,128,ALA,O
1,B,129,ALA,CA
1,B,129,ALA,CB
1,B,130,LEU,N
1,B,130,LEU,CD1
1,B,131,TRP,CB
1,B,131,TRP,CD1
1,B,131,TRP,NE1
1,B,148,VAL,CG1
1,B,149,ASN,O
1,B,150,SER,CA
1,B,150,SER,CB
1,B,151,MET,SD
1,B,151,MET,CE
1,B,157,HIS,O
1,B,157,HIS,CB
1,B,157,HIS,CD2
1,B,164,PHE,CZ
1,B,166,THR,CB
1,B,166,THR,OG1
1,B,168,PRO,CB
1,B,168,PRO,CG
1,B,168,PRO,CD
1,B,182,VAL,O
1,B,182,VAL,CG1
1,B,183,PHE,CA
1,B,183,PHE,CB
1,B,184,ASP,N
1,B,184,ASP,C
1,B,184,ASP,O
1,B,184,ASP,CB
1,B,184,ASP,CG
1,B,184,ASP,OD1
1,B,184,ASP,OD2
1,B,185,LEU,CA
1,B,185,LEU,CB
1,B,185,LEU,CD2
1,B,186,ALA,N
1,B,186,ALA,CB
1,B,189,ALA,CA
1,B,189,ALA,O
1,B,189,ALA,CB
1,B,190,ILE,CA
1,B,190,ILE,CB
1,B,190,ILE,CG1
1,B,191,ALA,N
1,B,191,ALA,CB
1,B,192,HIS,N
1,B,192,HIS,CB
1,B,192,HIS,CD2
1,B,193,GLY,N
1,B,194,ASP,CG
1,B,194,ASP,OD1
1,B,194,ASP,OD2
1,B,196,GLN,NE2
1,B,196,GLN,OE1
1,B,206,PRO,CB
1,B,207,ALA,O
1,B,208,GLY,CA
1,B,208,GLY,C
1,B,208,GLY,O
1,B,209,MET,CG
1,B,209,MET,CE
1,B,231,LEU,CB
1,B,232,PRO,O
1,B,233,PHE,CA
1,B,233,PHE,CB
1,B,234,GLY,N
1,B,234,GLY,CA
1,B,234,GLY,O
1,B,235,GLY,N
1,B,236,HIS,CA
1,B,236,HIS,O
1,B,236,HIS,CB
1,B,236,HIS,CG
1,B,236,HIS,CD2
1,B,236,HIS,CE1
1,B,236,HIS,NE2
1,B,237,LYS,CA
1,B,237,LYS,CG
1,B,237,LYS,CD
1,B,237,LYS,CE
1,B,237,LYS,NZ
1,B,239,SER,C
1,B,239,SER,O
1,B,239,SER,CB
1,B,239,SER,OG
1,B,240,ALA,N
1,B,240,ALA,CA
1,B,240,ALA,CB
1,B,243,MET,CB
1,B,243,MET,SD
1,B,270,GLN,O
1,B,270,GLN,CB
1,B,270,GLN,OE1
1,B,272,PRO,CB
1,B,272,PRO,CG
1,B,272,PRO,CD
1,B,274,THR,OG1
1,B,307,GLN,NE2
1,B,307,GLN,OE1
1,B,309,ARG,O
1,B,309,ARG,CG
1,B,309,ARG,CD
1,B,309,ARG,NE
1,B,309,ARG,CZ
1,B,309,ARG,NH1
1,B,309,ARG,NH2
1,B,310,LEU,C
1,B,310,LEU,O
1,B,311,PRO,N
1,B,311,PRO,CA
1,B,311,PRO,CB
1,B,311,PRO,CG
1,B,311,PRO,CD
1,B,312,GLY,N
1,B,312,GLY,CA
1,B,312,GLY,C
1,B,312,GLY,O
1,B,313,ASP,N
1,B,314,ARG,N
1,B,314,ARG,CB
1,B,314,ARG,NE
1,B,314,ARG,CZ
1,B,314,ARG,NH1
1,B,314,ARG,NH2
1,B,315,ARG,N
1,B,315,ARG,CG
1,B,315,ARG,CD
1,B,315,ARG,NE
