Descripccion,Especie,% identidad,Acceso NCBI,EC:1.14.19,Homologia,Rango de Homología,Top 20 homología,Cluster,Tamaño cluster,Anotacion,Seleccionada,Respaldo por articulos,Interaccion con metabolitos,"
Interacción con proteínas similares a la vía de P. nigrum",Docking,"Puntuacion 
Total"
Cytochrome P450 OS=Cinnamomum micranthum f. kanehirae OX=337451 GN=CKAN_00793800 PE=3 SV=1,Cinnamomum micranthum f. kanehirae,50.3,A0A443NLJ1,UNIPROT,0.503,17,1,1,5,1,1,,,,,
methysticin synthase [Piper methysticum],Piper methysticum,77.1,QCX36377.1,NCBI,0.771,1,1,1,1,1,1,,,,,1.971
cytochrome P450 dependent monooxygenase [Piper nigrum],Piper nigrum,76.91,QQS74306.1,NCBI,0.7691,2,1,,,1,1,,,,,1.9691
Stylopine synthase-like protein OS=Cinnamomum micranthum f. kanehirae OX=337451 GN=CKAN_01918500 PE=3 SV=1,Cinnamomum micranthum f. kanehirae,53.9,A0A443PH68,UNIPROT,0.539,3,1,,,1,1,,,,,
(S)-canadine synthase [Thalictrum thalictroides],Thalictrum thalictroides,52.25,KAF5199716.1,NCBI,0.5225,4,1,,,1,1,,,,,1.7225
(S)-canadine synthase OS=Thalictrum thalictroides OX=46969 GN=FRX31_010697 PE=4 SV=1,Thalictrum thalictroides,52.2,A0A7J6WQT2,UNIPROT,0.522,5,1,,,1,1,,,,,
Cytochrome P450 OS=Aquilegia coerulea OX=218851 GN=AQUCO_00100283v1 PE=3 SV=1,Aquilegia coerulea,51.8,A0A2G5F9M9,UNIPROT,0.518,6,1,,,1,1,,,,,
putative CYP719 [synthetic construct],synthetic construct,51.6,ANY58164.1,NCBI,0.516,7,1,,,1,1,,,,,1.716
S-canadine synthase-like protein OS=Cinnamomum micranthum f. kanehirae OX=337451 GN=CKAN_01917800 PE=3 SV=1,Cinnamomum micranthum f. kanehirae,51.3,A0A443PH40,UNIPROT,0.513,8,1,,,1,1,,,,,
S-canadine synthase-like protein [Cinnamomum micranthum f. kanehirae],Cinnamomum micranthum f. kanehirae,50.95,RWR90097.1,NCBI,0.5095,9,1,,,1,1,,,,,1.7095
putative CYP719 [synthetic construct],synthetic construct,50.76,ANY58161.1,NCBI,0.5076,10,1,,,1,1,,,,,1.7076
putative CYP719 [synthetic construct],synthetic construct,50.63,ANY58181.1,NCBI,0.5063,11,1,,,1,1,,,,,1.7063
putative CYP719 [synthetic construct],synthetic construct,50.53,ANY58165.1,NCBI,0.5053,13,1,,,1,1,,,,,1.7053
(S)-canadine synthase-like [Magnolia sinica],Magnolia sinica,50.51,XP_058075593.1,NCBI,0.5051,14,1,,,1,1,,,,,1.7051
(S)-canadine synthase [Thalictrum thalictroides],Thalictrum thalictroides,50.32,KAF5183394.1,NCBI,0.5032,15,1,,,1,1,,,,,1.7032
S-canadine synthase-like protein [Cinnamomum micranthum f. kanehirae],Cinnamomum micranthum f. kanehirae,50.32,RWR90111.1,NCBI,0.5032,15,1,,,1,1,,,,,1.7032
(S)-canadine synthase OS=Thalictrum thalictroides OX=46969 GN=FRX31_027019 PE=3 SV=1,Thalictrum thalictroides,50.3,A0A7J6VE74,UNIPROT,0.503,17,1,,,1,1,,,,,
S-canadine synthase-like protein OS=Cinnamomum micranthum f. kanehirae OX=337451 GN=CKAN_01919200 PE=3 SV=1,Cinnamomum micranthum f. kanehirae,50.3,A0A443PH96,UNIPROT,0.503,17,1,,,1,1,,,,,
hypothetical protein AQUCO_02000479v1 [Aquilegia coerulea],Aquilegia coerulea,50.22,PIA43054.1,NCBI,0.5022,20,1,,,1,1,,,,,1.7022
Cytochrome p450 [Thalictrum thalictroides],Thalictrum thalictroides,49.25,KAF5205209.1,NCBI,0.4925,45,,1,88,1,1,,,,,1.6925
Cytochrome P450 OS=Kalanchoe fedtschenkoi OX=63787 PE=3 SV=1,Kalanchoe fedtschenkoi,29.3,A0A7N0TS06,UNIPROT,0.293,253,,1,51,1,1,,,,,
S-canadine synthase-like protein [Cinnamomum micranthum f. kanehirae],Cinnamomum micranthum f. kanehirae,49.48,RWR90114.1,NCBI,0.4948,36,,1,29,1,1,,,,,1.6948
Salutaridine synthase OS=Papaver somniferum OX=3469 GN=C5167_047533 PE=4 SV=1,Papaver somniferum,42.8,A0A4Y7LKP9,UNIPROT,0.428,169,,1,15,1,1,,,,,
Cytochrome P450 77A1-like OS=Pyrus ussuriensis x Pyrus communis OX=2448454 GN=D8674_031919 PE=3 SV=1,Pyrus ussuriensis x Pyrus communis,28.1,A0A5N5F034,UNIPROT,0.281,324,,1,12,1,1,,,,,
Cytochrome P450 OS=Tetracentron sinense OX=13715 GN=HHK36_030440 PE=3 SV=1,Tetracentron sinense,46.7,A0A835CYP6,UNIPROT,0.467,141,,1,9,1,1,,,,,
p450 OS=Brachypodium distachyon OX=15368 GN=BRADI_3g17090v3 PE=3 SV=1,Brachypodium distachyon,29.5,C3SAE5,UNIPROT,0.295,231,,1,7,1,1,,,,,
putative CYP719 [synthetic construct],synthetic construct,47.07,ANY58167.1,NCBI,0.4707,130,,1,6,1,1,,,,,1.6707
Premnaspirodiene oxygenase-like OS=Coffea arabica OX=13443 GN=LOC113689899 PE=3 SV=1,Coffea arabica,29.6,A0A6P6SBC5,UNIPROT,0.296,226,,1,6,1,1,,,,,
Cytochrome P450 OS=Arabis nemorensis OX=586526 GN=ANE_LOCUS1623 PE=3 SV=1,Arabis nemorensis,30.4,A0A565ARE3,UNIPROT,0.304,193,,1,5,1,1,,,,,
putative cytochrome P450 [Eschscholzia californica subsp. californica],Eschscholzia californica subsp. californica,48.56,BBD34766.1,NCBI,0.4856,59,,1,4,1,1,,,,,1.6856
Cytochrome P450 OS=Dendrobium nobile OX=94219 GN=KFK09_023903 PE=3 SV=1,Dendrobium nobile,27.6,A0A8T3ACD7,UNIPROT,0.276,342,,1,4,1,1,,,,,
PREDICTED: (S)-canadine synthase-like [Nelumbo nucifera],Nelumbo nucifera,47.76,XP_010267084.1,NCBI,0.4776,88,,1,2,1,1,,,,,1.6776
Pluviatolide synthase OS=Podophyllum peltatum OX=35933 GN=CYP719A24 PE=1 SV=2,Podophyllum peltatum,47.3,L7T720,UNIPROT,0.473,117,,1,2,1,1,,,,,
Cytochrome P450 OS=Coptis chinensis OX=261450 GN=IFM89_021646 PE=4 SV=1,Coptis chinensis,44.2,A0A835IBP9,UNIPROT,0.442,162,,1,2,1,1,,,,,
Cytochrome P450 89A2 OS=Colocasia esculenta OX=4460 GN=Taro_028736 PE=4 SV=1,Colocasia esculenta,30,A0A843VC20,UNIPROT,0.3,204,,1,2,1,1,,,,,
Cytochrome P450 89A2 OS=Colocasia esculenta OX=4460 GN=Taro_029806 PE=3 SV=1,Colocasia esculenta,28.7,A0A843VER5,UNIPROT,0.287,292,,1,2,1,1,,,,,
Cytochrome P450 2D6-like OS=Branchiostoma belcheri OX=7741 GN=LOC109481790 PE=3 SV=1,Branchiostoma belcheri,28.6,A0A6P4ZSW0,UNIPROT,0.286,301,,1,2,1,1,,,,,
Premnaspirodiene oxygenase OS=Helianthus annuus OX=4232 GN=HanXRQr2_Chr11g0480401 PE=3 SV=1,Helianthus annuus,27.9,A0A9K3HN25,UNIPROT,0.279,331,,1,2,1,1,,,,,
Cytochrome P450 71D8 OS=Glycine soja OX=3848 GN=D0Y65_026741 PE=3 SV=1,Glycine soja,27.8,A0A445IL45,UNIPROT,0.278,334,,1,2,1,1,,,,,
Cytochrome P450 OS=Ceratodon purpureus OX=3225 GN=KC19_10G041300 PE=3 SV=1,Ceratodon purpureus,27.4,A0A8T0GKA6,UNIPROT,0.274,345,,1,2,1,1,,,,,
Cytochrome P450 OS=Marchantia polymorpha subsp. ruderalis OX=1480154 GN=AXG93_1390s1190 PE=3 SV=1,Marchantia polymorpha subsp. ruderalis,27.1,A0A176WAN7,UNIPROT,0.271,348,,1,2,1,1,,,,,
(S)-canadine synthase OS=Coptis chinensis OX=261450 GN=IFM89_021655 PE=3 SV=1,Coptis chinensis,47.6,A0A835M5Z6,UNIPROT,0.476,97,,1,1,1,1,,,,,
Cytochrome P450 OS=Aquilegia coerulea OX=218851 GN=AQUCO_01500066v1 PE=3 SV=1,Aquilegia coerulea,47.4,A0A2G5DSS1,UNIPROT,0.474,107,,1,1,1,1,,,,,
Cytochrome P450 OS=Tetracentron sinense OX=13715 GN=HHK36_008412 PE=3 SV=1,Tetracentron sinense,47.3,A0A834ZMF6,UNIPROT,0.473,117,,1,1,1,1,,,,,
Cytochrome P450 OS=Coptis chinensis OX=261450 GN=IFM89_009396 PE=3 SV=1,Coptis chinensis,39.9,A0A835GWZ8,UNIPROT,0.399,176,,1,1,1,1,,,,,
Cytochrome P450 OS=Amborella trichopoda OX=13333 GN=AMTR_s00040p00200250 PE=3 SV=1,Amborella trichopoda,30.2,W1PYM1,UNIPROT,0.302,200,,1,1,1,1,,,,,
Cytochrome P450 71A1 OS=Apostasia shenzhenica OX=1088818 GN=CYP71A1 PE=3 SV=1,Apostasia shenzhenica,29.3,A0A2I0A2V1,UNIPROT,0.293,253,,1,1,1,1,,,,,
Cytochrome P450 71B4-like OS=Raphanus sativus OX=3726 GN=LOC108811121 PE=3 SV=1,Raphanus sativus,28.9,A0A6J0JV73,UNIPROT,0.289,283,,1,1,1,1,,,,,
Uncharacterized protein CYP77D1 (Fragment) OS=Selaginella moellendorffii OX=88036 GN=CYP77D1 PE=3 SV=1,Selaginella moellendorffii,28.8,D8R0C2,UNIPROT,0.288,288,,1,1,1,1,,,,,
Cytochrome P450 OS=Amborella trichopoda OX=13333 GN=AMTR_s00059p00204120 PE=3 SV=1,Amborella trichopoda,28.7,U5CWH8,UNIPROT,0.287,292,,1,1,1,1,,,,,
Cytochrome P450 81D1 OS=Hibiscus syriacus OX=106335 GN=F3Y22_tig00110332pilonHSYRG01310 PE=3 SV=1,Hibiscus syriacus,28.7,A0A6A3AX34,UNIPROT,0.287,292,,1,1,1,1,,,,,
Cytochrome P450 71A1 OS=Colocasia esculenta OX=4460 GN=Taro_026024 PE=3 SV=1,Colocasia esculenta,28.6,A0A843VMC4,UNIPROT,0.286,301,,1,1,1,1,,,,,
Cytochrome P450 71A1-like OS=Lupinus angustifolius OX=3871 GN=TanjilG_07185 PE=3 SV=1,Lupinus angustifolius,28.5,A0A1J7HRW5,UNIPROT,0.285,307,,1,1,1,1,,,,,
p-coumaroyl shikimate/quinate 3'-hydroxylase OS=Selaginella moellendorffii OX=88036 GN=C3'H1-2 PE=3 SV=1,Selaginella moellendorffii,27.7,D8SCG3,UNIPROT,0.277,337,,1,1,1,1,,,,,
Ferruginol synthase-like OS=Coffea arabica OX=13443 GN=LOC113703564 PE=3 SV=1,Coffea arabica,27.7,A0A6P6TQN0,UNIPROT,0.277,337,,1,1,1,1,,,,,
p450 domain-containing protein,Cephalotus follicularis,27.6,A0A1Q3C6R7,UNIPROT,0.276,342,,1,1,1,1,,,1,,2.076
Uncharacterized protein OS=Lactuca sativa OX=4236 GN=LSAT_V11C900474820 PE=4 SV=1,Lactuca sativa,30.6,A0A9R1UCN1,UNIPROT,0.306,189,,1,48,0,0,,,,,
putative N-methyltransferase [synthetic construct],synthetic construct,50.61,ANY58189.1,NCBI,0.5061,12,1,,,0,,,,,,0.5061
Steroid 21-hydroxylase OS=Electrophorus electricus OX=8005 GN=LOC113570604 PE=3 SV=1,Electrophorus electricus,29.2,A0A4W4FVA0,UNIPROT,0.292,261,,1,9,,,,,,,
Uncharacterized protein OS=Panicum virgatum OX=38727 GN=PVAP13_7NG214500 PE=3 SV=1,Panicum virgatum,29.4,A0A8T0PY70,UNIPROT,0.294,237,,1,7,,,,,,,
Uncharacterized protein OS=Papaver somniferum OX=3469 GN=C5167_017881 PE=3 SV=1,Papaver somniferum,43.3,A0A4Y7IL67,UNIPROT,0.433,167,,1,5,,,,,,,
Uncharacterized protein OS=Spirodela intermedia OX=51605 GN=SI8410_13017456 PE=3 SV=1,Spirodela intermedia,29.4,A0A7I8LBY7,UNIPROT,0.294,237,,1,1,,,,,,,
S-canadine synthase-like protein [Cinnamomum micranthum f. kanehirae],Cinnamomum micranthum f. kanehirae,50.11,RWR90117.1,NCBI,0.5011,21,,,,1,,,,,,1.7011
S-canadine synthase-like protein [Cinnamomum micranthum f. kanehirae],Cinnamomum micranthum f. kanehirae,50.11,RWR90112.1,NCBI,0.5011,21,,,,1,,,,,,1.7011
S-canadine synthase-like protein OS=Cinnamomum micranthum f. kanehirae OX=337451 GN=CKAN_01919800 PE=3 SV=1,Cinnamomum micranthum f. kanehirae,50.1,A0A443PH60,UNIPROT,0.501,23,,,,,,,,,,
S-canadine synthase-like protein OS=Cinnamomum micranthum f. kanehirae OX=337451 GN=CKAN_01919300 PE=3 SV=1,Cinnamomum micranthum f. kanehirae,50.1,A0A443PH93,UNIPROT,0.501,23,,,,,,,,,,
CYP719A7 [synthetic construct],synthetic construct,50,ANY58139.1,NCBI,0.5,25,,,,1,,,,,,1.7
RecName: Full=Cheilanthifoline synthase; Short=CHS; AltName: Full=Cytochrome P450 719A5 [Eschscholzia californica],Eschscholzia californica,49.9,B5UAQ8.1,NCBI,0.499,26,,,,,,,,,,0.499
RecName: Full=(S)-canadine synthase; AltName: Full=(S)-tetrahydrocolumbamine oxidase (methylenedioxy-bridge-forming); AltName: Full=Cytochrome P450 719A1 [Coptis japonica],Coptis japonica,49.8,Q948Y1.1,NCBI,0.498,27,,,,1,,,,,,1.698
(S)-canadine synthase [Coptis chinensis],Coptis chinensis,49.8,AGL76711.1,NCBI,0.498,27,,,,1,,,,,,1.698
(S)-canadine synthase OS=Coptis japonica OX=3442 GN=CYP719A1 PE=1 SV=1,Coptis japonica,49.8,Q948Y1,UNIPROT,0.498,27,,,,,,,,,,
(S)-canadine synthase OS=Thalictrum thalictroides OX=46969 GN=FRX31_032409 PE=4 SV=1,Thalictrum thalictroides,49.7,A0A7J6V0U2,UNIPROT,0.497,30,,,,,,,,,,
Putative CYP719 OS=Cinnamomum micranthum f. kanehirae OX=337451 GN=CKAN_01917700 PE=3 SV=1,Cinnamomum micranthum f. kanehirae,49.7,A0A443PH38,UNIPROT,0.497,30,,,,,,,,,,
(S)-canadine synthase [Thalictrum thalictroides],Thalictrum thalictroides,49.68,KAF5178002.1,NCBI,0.4968,32,,,,1,,,,,,1.6968
Cytochrome P450 [Macleaya cordata],Macleaya cordata,49.6,OVA11723.1,NCBI,0.496,33,,,,1,,,,,,1.696
Cytochrome P450 OS=Macleaya cordata OX=56857 GN=BVC80_41g7 PE=3 SV=1,Macleaya cordata,49.6,A0A200QMM5,UNIPROT,0.496,33,,,,,,,,,,
S-canadine synthase-like protein OS=Cinnamomum micranthum f. kanehirae OX=337451 GN=CKAN_01919500 PE=3 SV=1,Cinnamomum micranthum f. kanehirae,49.5,A0A3S3QV59,UNIPROT,0.495,35,,,,,,,,,,
putative CYP719 [synthetic construct],synthetic construct,49.47,ANY58182.1,NCBI,0.4947,37,,,,1,,,,,,1.6947
S-canadine synthase-like protein [Cinnamomum micranthum f. kanehirae],Cinnamomum micranthum f. kanehirae,49.47,RWR90113.1,NCBI,0.4947,37,,,,1,,,,,,1.6947
putative N-methyltransferase [synthetic construct],synthetic construct,49.4,ANY58188.1,NCBI,0.494,39,,,,0,,,,,,0.494
(S)-canadine synthase [Thalictrum thalictroides],Thalictrum thalictroides,49.4,KAF5195557.1,NCBI,0.494,39,,,,1,,,,,,1.694
(S)-canadine synthase OS=Thalictrum thalictroides OX=46969 GN=FRX31_014856 PE=3 SV=1,Thalictrum thalictroides,49.4,A0A7J6WF91,UNIPROT,0.494,39,,,,,,,,,,
RecName: Full=Cheilanthifoline synthase; Short=CHS; AltName: Full=Cytochrome P450 719A14 [Argemone mexicana],Argemone mexicana,49.39,B1NF20.1,NCBI,0.4939,42,,,,1,,,,,,1.6939
Cytochrome p450 OS=Thalictrum thalictroides OX=46969 GN=FRX31_005205 PE=3 SV=1,Thalictrum thalictroides,49.3,A0A7J6X6B7,UNIPROT,0.493,43,,,,,,,,,,
putative CYP719 [synthetic construct],synthetic construct,49.26,ANY58183.1,NCBI,0.4926,44,,,,1,,,,,,1.6926
Cheilanthifoline synthase OS=Argemone mexicana OX=54796 GN=CYP719A14 PE=1 SV=1,Argemone mexicana,49.2,B1NF20,UNIPROT,0.492,46,,,,,,,,,,
(S)-canadine synthase OS=Aquilegia coerulea OX=218851 GN=AQUCO_02000479v1 PE=3 SV=1,Aquilegia coerulea,49.1,A0A2G5DHT1,UNIPROT,0.491,47,,,,,,,,,,
(S)-canadine synthase [Thalictrum flavum subsp. glaucum],Thalictrum flavum subsp. glaucum,49.09,AAU20771.1,NCBI,0.4909,48,,,,1,,,,,,1.6909
Cheilanthifoline synthase OS=Eschscholzia californica OX=3467 GN=CYP719A5 PE=1 SV=1,Eschscholzia californica,49,B5UAQ8,UNIPROT,0.49,49,,,,,,,,,,
putative CYP719 [synthetic construct],synthetic construct,48.95,ANY58163.1,NCBI,0.4895,50,,,,1,,,,,,1.6895
hypothetical protein MKX03_028093 [Papaver bracteatum],Papaver bracteatum,48.81,KAI3854715.1,NCBI,0.4881,51,,,,,,,,,,0.4881
hypothetical protein C5167_018254 [Papaver somniferum],Papaver somniferum,48.81,RZC49831.1,NCBI,0.4881,51,,,,,,,,,,0.4881
Stylopine synthase OS=Papaver somniferum OX=3469 GN=C5167_018254 PE=3 SV=1,Papaver somniferum,48.8,A0A4Y7IQ36,UNIPROT,0.488,53,,,,,,,,,,
S-canadine synthase-like protein OS=Cinnamomum micranthum f. kanehirae OX=337451 GN=CKAN_01919400 PE=3 SV=1,Cinnamomum micranthum f. kanehirae,48.7,A0A3S3NLP2,UNIPROT,0.487,54,,,,,,,,,,
putative CYP719 [synthetic construct],synthetic construct,48.67,ANY58184.1,NCBI,0.4867,55,,,,1,,,,,,1.6867
hypothetical protein MRB53_015143 [Persea americana],Persea americana,48.63,KAJ8618957.1,NCBI,0.4863,56,,,,,,,,,,0.4863
hypothetical protein MRB53_015135 [Persea americana],Persea americana,48.62,KAJ8618949.1,NCBI,0.4862,57,,,,,,,,,,0.4862
putative CYP719 [synthetic construct],synthetic construct,48.6,ANY58168.1,NCBI,0.486,58,,,,1,,,,,,1.686
hypothetical protein MKX03_028095 [Papaver bracteatum],Papaver bracteatum,48.55,KAI3854717.1,NCBI,0.4855,60,,,,,,,,,,0.4855
putative CYP719 [synthetic construct],synthetic construct,48.48,ANY58141.1,NCBI,0.4848,61,,,,1,,,,,,1.6848
hypothetical protein MKX01_018788 [Papaver californicum],Papaver californicum,48.48,KAI3986246.1,NCBI,0.4848,61,,,,,,,,,,0.4848
S-canadine synthase-like protein OS=Cinnamomum micranthum f. kanehirae OX=337451 GN=CKAN_01917900 PE=3 SV=1,Cinnamomum micranthum f. kanehirae,48.4,A0A443PH43,UNIPROT,0.484,63,,,,,,,,,,
S-canadine synthase-like protein [Cinnamomum micranthum f. kanehirae],Cinnamomum micranthum f. kanehirae,48.35,RWR90098.1,NCBI,0.4835,64,,,,1,,,,,,1.6835
putative CYP719 [synthetic construct],synthetic construct,48.28,ANY58180.1,NCBI,0.4828,65,,,,1,,,,,,1.6828
(S)-canadine synthase [Thalictrum thalictroides],Thalictrum thalictroides,48.21,KAF5192636.1,NCBI,0.4821,66,,,,1,,,,,,1.6821
(S)-canadine synthase OS=Thalictrum thalictroides OX=46969 GN=FRX31_017777 PE=4 SV=1,Thalictrum thalictroides,48.2,A0A7J6W5J9,UNIPROT,0.482,67,,,,,,,,,,
hypothetical protein MRB53_001171 [Persea americana],Persea americana,48.19,KAJ8648148.1,NCBI,0.4819,68,,,,,,,,,,0.4819
hypothetical protein MKW98_032030 [Papaver atlanticum],Papaver atlanticum,48.16,KAI3903376.1,NCBI,0.4816,69,,,,,,,,,,0.4816
hypothetical protein [Papaver nudicaule],Papaver nudicaule,48.14,MCL7039105.1,NCBI,0.4814,70,,,,,,,,,,0.4814
stylopine synthase [synthetic construct],synthetic construct,48.09,AHF65153.1,NCBI,0.4809,71,,,,,,,,,,0.4809
hypothetical protein MKW98_001746 [Papaver atlanticum],Papaver atlanticum,48.08,KAI3867312.1,NCBI,0.4808,72,,,,,,,,,,0.4808
RecName: Full=Trifunctional (S)-stylopine synthase/(S)-nandinine synthase/(S)-canadine synthase; Short=STS; AltName: Full=Cytochrome P450 719A13 [Argemone mexicana],Argemone mexicana,48.02,B1NF19.1,NCBI,0.4802,73,,,,1,,,,,,1.6802
Cytochrome P450 [Macleaya cordata],Macleaya cordata,48.02,OVA13716.1,NCBI,0.4802,73,,,,,,,,,,0.4802
hypothetical protein AQUCO_02200105v1 [Aquilegia coerulea],Aquilegia coerulea,48,PIA41454.1,NCBI,0.48,75,,,,1,,,,,,1.68
putative CYP719 [synthetic construct],synthetic construct,48,ANY58148.1,NCBI,0.48,75,,,,1,,,,,,1.68
(S)-canadine synthase OS=Aquilegia coerulea OX=218851 GN=AQUCO_02200105v1 PE=4 SV=1,Aquilegia coerulea,48,A0A2G5DDA9,UNIPROT,0.48,75,,,,,,,,,,
(S)-canadine synthase-like OS=Nelumbo nucifera OX=4432 GN=LOC104604446 PE=3 SV=1,Nelumbo nucifera,48,A0A1U8AVU0,UNIPROT,0.48,75,,,,,,,,,,
cheilanthifoline synthase [Papaver somniferum],Papaver somniferum,47.93,XP_026447356.1,NCBI,0.4793,79,,,,,,,,,,0.4793
hypothetical protein MKW92_004387 [Papaver armeniacum],Papaver armeniacum,47.93,KAI3870761.1,NCBI,0.4793,79,,,,,,,,,,0.4793
cheilanthifoline synthase [Papaver somniferum],Papaver somniferum,47.93,ADB89213.1,NCBI,0.4793,79,,,,,,,,,,0.4793
hypothetical protein MKW92_032091 [Papaver armeniacum],Papaver armeniacum,47.93,KAI3924519.1,NCBI,0.4793,79,,,,,,,,,,0.4793
putative CYP719 [synthetic construct],synthetic construct,47.93,ANY58175.1,NCBI,0.4793,79,,,,1,,,,,,1.6793
putative CYP719 [synthetic construct],synthetic construct,47.9,ANY58179.1,NCBI,0.479,84,,,,1,,,,,,1.679
Cheilanthifoline synthase OS=Papaver somniferum OX=3469 GN=C5167_018250 PE=3 SV=1,Papaver somniferum,47.9,A0A4Y7IQR6,UNIPROT,0.479,84,,,,,,,,,,
Putative CYP719 OS=Cinnamomum micranthum f. kanehirae OX=337451 GN=CKAN_01918300 PE=3 SV=1,Cinnamomum micranthum f. kanehirae,47.9,A0A443PH84,UNIPROT,0.479,84,,,,,,,,,,
Putative CYP719 OS=Cinnamomum micranthum f. kanehirae OX=337451 GN=CKAN_02120200 PE=3 SV=1,Cinnamomum micranthum f. kanehirae,47.8,A0A3S3NGY8,UNIPROT,0.478,87,,,,,,,,,,
hypothetical protein [Papaver nudicaule],Papaver nudicaule,47.73,MCL7036636.1,NCBI,0.4773,89,,,,,,,,,,0.4773
hypothetical protein MKW98_027114 [Papaver atlanticum],Papaver atlanticum,47.73,KAI3859517.1,NCBI,0.4773,89,,,,,,,,,,0.4773
(S)-canadine synthase [Thalictrum thalictroides],Thalictrum thalictroides,47.7,KAF5186938.1,NCBI,0.477,91,,,,1,,,,,,1.677
(S)-canadine synthase OS=Thalictrum thalictroides OX=46969 GN=FRX31_023474 PE=3 SV=1,Thalictrum thalictroides,47.7,A0A7J6VQT0,UNIPROT,0.477,91,,,,,,,,,,
Cytochrome P450 OS=Tetracentron sinense OX=13715 GN=HHK36_008409 PE=3 SV=1,Tetracentron sinense,47.7,A0A835DJB2,UNIPROT,0.477,91,,,,,,,,,,
Putative CYP719 OS=Cinnamomum micranthum f. kanehirae OX=337451 GN=CKAN_02119900 PE=3 SV=1,Cinnamomum micranthum f. kanehirae,47.7,A0A3S3N484,UNIPROT,0.477,91,,,,,,,,,,
hypothetical protein [Papaver nudicaule],Papaver nudicaule,47.65,MCL7037398.1,NCBI,0.4765,95,,,,1,,,,,,1.6765
hypothetical protein HHK36_008409 [Tetracentron sinense],Tetracentron sinense,47.62,KAF8406323.1,NCBI,0.4762,96,,,,,,,,,,0.4762
hypothetical protein MKW98_001785 [Papaver atlanticum],Papaver atlanticum,47.6,KAI3867351.1,NCBI,0.476,97,,,,,,,,,,0.476
Cytochrome P450 OS=Tetracentron sinense OX=13715 GN=HHK36_008411 PE=3 SV=1,Tetracentron sinense,47.6,A0A834ZFH2,UNIPROT,0.476,97,,,,,,,,,,
hypothetical protein MKW98_009075 [Papaver atlanticum],Papaver atlanticum,47.53,KAI3941865.1,NCBI,0.4753,100,,,,,,,,,,0.4753
stylopine synthase [Chelidonium majus],Chelidonium majus,47.52,AQX36282.2,NCBI,0.4752,101,,,,,,,,,,0.4752
cheilanthifoline synthase-like [Papaver somniferum],Papaver somniferum,47.52,XP_026449243.1,NCBI,0.4752,101,,,,,,,,,,0.4752
Cytochrome P450 OS=Macleaya cordata OX=56857 GN=BVC80_1765g10 PE=3 SV=1,Macleaya cordata,47.5,A0A200QTC5,UNIPROT,0.475,103,,,,,,,,,,
Putative CYP719 OS=Cinnamomum micranthum f. kanehirae OX=337451 GN=CKAN_01919100 PE=3 SV=1,Cinnamomum micranthum f. kanehirae,47.5,A0A443PH61,UNIPROT,0.475,103,,,,,,,,,,
Cheilanthifoline synthase OS=Papaver somniferum OX=3469 GN=C5167_020169 PE=3 SV=1,Papaver somniferum,47.5,A0A4Y7IS88,UNIPROT,0.475,103,,,,,,,,,,
hypothetical protein HHK36_008411 [Tetracentron sinense],Tetracentron sinense,47.42,KAF8406325.1,NCBI,0.4742,106,,,,,,,,,,0.4742
putative CYP719 [synthetic construct],synthetic construct,47.4,ANY58140.1,NCBI,0.474,107,,,,1,,,,,,1.674
(S)-canadine synthase OS=Aquilegia coerulea OX=218851 GN=AQUCO_00100277v1 PE=3 SV=1,Aquilegia coerulea,47.4,A0A2G5F9N2,UNIPROT,0.474,107,,,,,,,,,,
(S)-canadine synthase OS=Aquilegia coerulea OX=218851 GN=AQUCO_04200188v1 PE=3 SV=1,Aquilegia coerulea,47.4,A0A2G5CPL9,UNIPROT,0.474,107,,,,,,,,,,
Trifunctional (S)-stylopine synthase/(S)-nandinine synthase/(S)-canadine synthase OS=Argemone mexicana OX=54796 GN=CYP719A13 PE=1 SV=1,Argemone mexicana,47.4,B1NF19,UNIPROT,0.474,107,,,,,,,,,,
Cytochrome P450 OS=Macleaya cordata OX=56857 GN=BVC80_41g8 PE=3 SV=1,Macleaya cordata,47.4,A0A200QMM8,UNIPROT,0.474,107,,,,,,,,,,
putative CYP719 [synthetic construct],synthetic construct,47.35,ANY58171.1,NCBI,0.4735,113,,,,1,,,,,,1.6735
RecName: Full=(S)-canadine synthase CYP719A21; AltName: Full=Cytochrome P450 719A21 [Papaver somniferum],Papaver somniferum,47.35,I3QBP4.1,NCBI,0.4735,113,,,,,,,,,,0.4735
CYP719A21 [synthetic construct],synthetic construct,47.35,ANY58174.1,NCBI,0.4735,113,,,,1,,,,,,1.6735
trifunctional (S)-stylopine synthase/(S)-nandinine synthase/(S)-canadine synthase-like [Papaver somniferum],Papaver somniferum,47.35,XP_026425901.1,NCBI,0.4735,113,,,,,,,,,,0.4735
(S)-canadine synthase CYP719A21 OS=Papaver somniferum OX=3469 GN=CYP719A21 PE=1 SV=1,Papaver somniferum,47.3,I3QBP4,UNIPROT,0.473,117,,,,,,,,,,
CYP719A21 OS=Papaver somniferum OX=3469 GN=C5167_047522 PE=3 SV=1,Papaver somniferum,47.3,A0A4Y7LIE4,UNIPROT,0.473,117,,,,,,,,,,
putative CYP719 [synthetic construct],synthetic construct,47.27,ANY58142.1,NCBI,0.4727,121,,,,1,,,,,,1.6727
hypothetical protein MKW92_031329 [Papaver armeniacum],Papaver armeniacum,47.25,KAI3840926.1,NCBI,0.4725,122,,,,,,,,,,0.4725
hypothetical protein AQUCO_00100277v1 [Aquilegia coerulea],Aquilegia coerulea,47.21,PIA64703.1,NCBI,0.4721,123,,,,1,,,,,,1.6721
CYP719A6 [synthetic construct],synthetic construct,47.21,ANY58138.1,NCBI,0.4721,123,,,,1,,,,,,1.6721
hypothetical protein AQUCO_04200188v1 [Aquilegia coerulea],Aquilegia coerulea,47.21,PIA33254.1,NCBI,0.4721,123,,,,1,,,,,,1.6721
putative CYP719 [synthetic construct],synthetic construct,47.2,ANY58166.1,NCBI,0.472,126,,,,1,,,,,,1.672
hypothetical protein MKW92_021927 [Papaver armeniacum],Papaver armeniacum,47.18,KAI3867843.1,NCBI,0.4718,127,,,,,,,,,,0.4718
putative CYP719 [synthetic construct],synthetic construct,47.09,ANY58159.1,NCBI,0.4709,128,,,,1,,,,,,1.6709
stylopine synthase [Chelidonium majus],Chelidonium majus,47.08,QBK51011.1,NCBI,0.4708,129,,,,,,,,,,0.4708
(S)-stylopine synthase 1-like [Papaver somniferum],Papaver somniferum,46.92,XP_026447360.1,NCBI,0.4692,131,,,,,,,,,,0.4692
stylopine synthase [Papaver somniferum],Papaver somniferum,46.92,ADB89214.1,NCBI,0.4692,131,,,,,,,,,,0.4692
putative CYP719 [synthetic construct],synthetic construct,46.91,ANY58158.1,NCBI,0.4691,133,,,,1,,,,,,1.6691
hypothetical protein MKW92_006941 [Papaver armeniacum],Papaver armeniacum,46.84,KAI3900346.1,NCBI,0.4684,134,,,,,,,,,,0.4684
hypothetical protein MKW92_036410 [Papaver armeniacum],Papaver armeniacum,46.82,KAI3949422.1,NCBI,0.4682,135,,,,,,,,,,0.4682
hypothetical protein AQUCO_00100288v1 [Aquilegia coerulea],Aquilegia coerulea,46.8,PIA64716.1,NCBI,0.468,136,,,,,,,,,,0.468
(S)-canadine synthase OS=Aquilegia coerulea OX=218851 GN=AQUCO_00100288v1 PE=3 SV=1,Aquilegia coerulea,46.8,A0A2G5F9X7,UNIPROT,0.468,136,,,,,,,,,,
Trifunctional (S)-stylopine synthase 2/(S)-nandinine synthase/(S)-canadine synthase OS=Eschscholzia californica OX=3467 GN=CYP719A3 PE=1 SV=1,Eschscholzia californica,46.8,Q50LH4,UNIPROT,0.468,136,,,,,,,,,,
S-canadine synthase-like protein OS=Cinnamomum micranthum f. kanehirae OX=337451 GN=CKAN_01918200 PE=4 SV=1,Cinnamomum micranthum f. kanehirae,46.8,A0A443PH85,UNIPROT,0.468,136,,,,,,,,,,
S-canadine synthase-like protein OS=Cinnamomum micranthum f. kanehirae OX=337451 GN=CKAN_01919600 PE=3 SV=1,Cinnamomum micranthum f. kanehirae,46.8,A0A3S4PGH0,UNIPROT,0.468,136,,,,,,,,,,
(S)-stylopine synthase 1 OS=Eschscholzia californica OX=3467 GN=CYP719A2 PE=1 SV=1,Eschscholzia californica,46.7,Q50LH3,UNIPROT,0.467,141,,,,,,,,,,
putative CYP719 [synthetic construct],synthetic construct,46.68,ANY58149.1,NCBI,0.4668,143,,,,1,,,,,,1.6668
RecName: Full=Trifunctional (S)-stylopine synthase 2/(S)-nandinine synthase/(S)-canadine synthase; Short=STS; AltName: Full=Cytochrome P450 719A3; Short=EcCYP719A3; Short=EcCYPA [Eschscholzia californica],Eschscholzia californica,46.67,Q50LH4.1,NCBI,0.4667,144,,,,,,,,,,0.4667
Cytochrome P450 OS=Aquilegia coerulea OX=218851 GN=AQUCO_01200087v1 PE=3 SV=1,Aquilegia coerulea,46.6,A0A2G5E4E1,UNIPROT,0.466,145,,,,,,,,,,
putative CYP719 [synthetic construct],synthetic construct,46.56,ANY58185.1,NCBI,0.4656,146,,,,1,,,,,,1.6656
Pluviatolide synthase OS=Sinopodophyllum hexandrum OX=93608 GN=CYP719A23 PE=1 SV=1,Sinopodophyllum hexandrum,46.5,L7T8H2,UNIPROT,0.465,147,,,,,,,,,,
CYP719A9 [synthetic construct],synthetic construct,46.46,ANY58154.1,NCBI,0.4646,148,,,,1,,,,,,1.6646
Cytochrome P450 OS=Macleaya cordata OX=56857 GN=BVC80_8983g48 PE=3 SV=1,Macleaya cordata,46.4,A0A200QIZ5,UNIPROT,0.464,149,,,,,,,,,,
stylopine synthase [Chelidonium majus],Chelidonium majus,46.36,ASG81439.1,NCBI,0.4636,150,,,,1,,,,,,1.6636
putative CYP719 [synthetic construct],synthetic construct,46.36,ANY58150.1,NCBI,0.4636,150,,,,1,,,,,,1.6636
Uncharacterized protein OS=Papaver somniferum OX=3469 GN=C5167_018361 PE=3 SV=1,Papaver somniferum,46.3,A0A4Y7IM26,UNIPROT,0.463,152,,,,,,,,,,
putative CYP719 [synthetic construct],synthetic construct,46.22,ANY58160.1,NCBI,0.4622,153,,,,1,,,,,,1.6622
putative CYP719 [synthetic construct],synthetic construct,46.2,ANY58143.1,NCBI,0.462,154,,,,1,,,,,,1.662
(S)-canadine synthase OS=Coptis chinensis OX=261450 GN=IFM89_030134 PE=3 SV=1,Coptis chinensis,45.6,A0A835I2C9,UNIPROT,0.456,155,,,,,,,,,,
Cytochrome P450 OS=Tetracentron sinense OX=13715 GN=HHK36_023668 PE=3 SV=1,Tetracentron sinense,45.1,A0A834YLN3,UNIPROT,0.451,156,,,,,,,,,,
stylopine synthase [Eschscholzia californica],Eschscholzia californica,45.03,ACO90219.1,NCBI,0.4503,157,,,,,,,,,,0.4503
Uncharacterized protein OS=Papaver somniferum OX=3469 GN=C5167_020055 PE=3 SV=1,Papaver somniferum,45,A0A4Y7IW38,UNIPROT,0.45,158,,,,,,,,,,
Cytochrome P450 OS=Coptis chinensis OX=261450 GN=IFM89_021660 PE=4 SV=1,Coptis chinensis,44.6,A0A835IDD5,UNIPROT,0.446,159,,,,,,,,,,
S-canadine synthase-like protein OS=Cinnamomum micranthum f. kanehirae OX=337451 GN=CKAN_01918800 PE=4 SV=1,Cinnamomum micranthum f. kanehirae,44.5,A0A443PH51,UNIPROT,0.445,160,,,,,,,,,,
Cytochrome P450 OS=Tetracentron sinense OX=13715 GN=HHK36_008413 PE=3 SV=1,Tetracentron sinense,44.3,A0A834ZQ39,UNIPROT,0.443,161,,,,,,,,,,
Cytochrome P450 OS=Tetracentron sinense OX=13715 GN=HHK36_008410 PE=3 SV=1,Tetracentron sinense,44.2,A0A835DNB9,UNIPROT,0.442,162,,,,,,,,,,
Putative CYP719 OS=Cinnamomum micranthum f. kanehirae OX=337451 GN=CKAN_01919000 PE=3 SV=1,Cinnamomum micranthum f. kanehirae,44.1,A0A443PH64,UNIPROT,0.441,164,,,,,,,,,,
Cytochrome P450 OS=Papaver somniferum OX=3469 GN=C5167_021271 PE=3 SV=1,Papaver somniferum,44.1,A0A4Y7IW21,UNIPROT,0.441,164,,,,,,,,,,
Cytochrome P450 OS=Papaver somniferum OX=3469 GN=C5167_018048 PE=3 SV=1,Papaver somniferum,43.6,A0A4Y7IL45,UNIPROT,0.436,166,,,,,,,,,,
S-canadine synthase-like protein OS=Cinnamomum micranthum f. kanehirae OX=337451 GN=CKAN_01919700 PE=3 SV=1,Cinnamomum micranthum f. kanehirae,43.3,A0A3S3N878,UNIPROT,0.433,167,,,,,,,,,,
Uncharacterized protein OS=Aquilegia coerulea OX=218851 GN=AQUCO_00100284v1 PE=4 SV=1,Aquilegia coerulea,42.8,A0A2G5F9P4,UNIPROT,0.428,169,,,,,,,,,,
Salutaridine synthase OS=Papaver somniferum OX=3469 GN=CYP719B1 PE=1 SV=1,Papaver somniferum,42.6,B1NF18,UNIPROT,0.426,171,,,,,,,,,,
Putative CYP719 OS=Cinnamomum micranthum f. kanehirae OX=337451 GN=CKAN_01918400 PE=4 SV=1,Cinnamomum micranthum f. kanehirae,42.4,A0A443PH81,UNIPROT,0.424,172,,,,,,,,,,
Cytochrome P450 OS=Tetracentron sinense OX=13715 GN=HHK36_032520 PE=3 SV=1,Tetracentron sinense,42.2,A0A834YAN4,UNIPROT,0.422,173,,,,,,,,,,
Putative CYP719 OS=Cinnamomum micranthum f. kanehirae OX=337451 GN=CKAN_01918100 PE=4 SV=1,Cinnamomum micranthum f. kanehirae,42.1,A0A3S3P005,UNIPROT,0.421,174,,,,,,,,,,
Uncharacterized protein OS=Papaver somniferum OX=3469 GN=C5167_021254 PE=4 SV=1,Papaver somniferum,40.4,A0A4Y7IZA5,UNIPROT,0.404,175,,,,,,,,,,
Uncharacterized protein OS=Lactuca sativa OX=4236 GN=LSAT_V11C200088370 PE=4 SV=1,Lactuca sativa,32,A0A9R1WI03,UNIPROT,0.32,177,,,,,,,,,,
Cytochrome P450 OS=Cynara cardunculus var. scolymus OX=59895 GN=Ccrd_011972 PE=3 SV=1,Cynara cardunculus var. scolymus,31.8,A0A103YI81,UNIPROT,0.318,178,,,,,,,,,,
Cytochrome P450 OS=Helianthus annuus OX=4232 GN=HanXRQr2_Chr14g0661181 PE=3 SV=1,Helianthus annuus,31.5,A0A9K3ECE3,UNIPROT,0.315,179,,,,,,,,,,
Uncharacterized protein OS=Prunus dulcis OX=3755 GN=ALMOND_2B035074 PE=3 SV=1,Prunus dulcis,31.3,A0A5E4FXH8,UNIPROT,0.313,180,,,,,,,,,,
Cytochrome P450 77A3 OS=Morus notabilis OX=981085 GN=L484_016787 PE=3 SV=1,Morus notabilis,31.1,W9S4G3,UNIPROT,0.311,181,,,,,,,,,,
Cytochrome P450 OS=Nyssa sinensis OX=561372 GN=F0562_025871 PE=3 SV=1,Nyssa sinensis,31,A0A5J5B9A7,UNIPROT,0.31,182,,,,,,,,,,
Cytochrome P450 77A3 OS=Prunus persica OX=3760 GN=PRUPE_2G086300 PE=3 SV=1,Prunus persica,30.9,M5XMD8,UNIPROT,0.309,183,,,,,,,,,,
Cytochrome P450 77A3 OS=Prunus armeniaca OX=36596 GN=CURHAP_LOCUS13726 PE=3 SV=1,Prunus armeniaca,30.9,A0A6J5WC78,UNIPROT,0.309,183,,,,,,,,,,
Cytochrome P450 77A3-like OS=Prunus avium OX=42229 GN=LOC110760275 PE=3 SV=1,Prunus avium,30.9,A0A6P5SVQ7,UNIPROT,0.309,183,,,,,,,,,,
Uncharacterized protein OS=Cuscuta campestris OX=132261 GN=CCAM_LOCUS31354 PE=3 SV=1,Cuscuta campestris,30.9,A0A484MNE4,UNIPROT,0.309,183,,,,,,,,,,
Cytochrome p450 77a2 OS=Nicotiana attenuata OX=49451 GN=CYP77A2 PE=3 SV=1,Nicotiana attenuata,30.8,A0A1J6IDZ2,UNIPROT,0.308,187,,,,,,,,,,
Cytochrome P450 77A2 OS=Nicotiana tabacum OX=4097 GN=LOC107764015 PE=3 SV=1,Nicotiana tabacum,30.8,A0A1S3XDK2,UNIPROT,0.308,187,,,,,,,,,,
Cytochrome P450 77A2 OS=Nicotiana sylvestris OX=4096 GN=LOC104212698 PE=3 SV=1,Nicotiana sylvestris,30.6,A0A1U7UWD2,UNIPROT,0.306,189,,,,,,,,,,
Cytochrome P450 OS=Cynara cardunculus var. scolymus OX=59895 GN=Ccrd_014191 PE=3 SV=1,Cynara cardunculus var. scolymus,30.6,A0A103YE93,UNIPROT,0.306,189,,,,,,,,,,
Uncharacterized protein OS=Cuscuta australis OX=267555 GN=DM860_003015 PE=3 SV=1,Cuscuta australis,30.5,A0A328D147,UNIPROT,0.305,192,,,,,,,,,,
Cytochrome P450 77A3 OS=Cuscuta campestris OX=132261 GN=CCAM_LOCUS30731 PE=3 SV=1,Cuscuta campestris,30.4,A0A484MJI7,UNIPROT,0.304,193,,,,,,,,,,
Putative cytochrome P450 OS=Rosa chinensis OX=74649 GN=RchiOBHm_Chr2g0133181 PE=3 SV=1,Rosa chinensis,30.4,A0A2P6RVJ3,UNIPROT,0.304,193,,,,,,,,,,
Cytochrome P450 OS=Artemisia annua OX=35608 GN=CTI12_AA131260 PE=3 SV=1,Artemisia annua,30.3,A0A2U1PNM7,UNIPROT,0.303,196,,,,,,,,,,
Cytochrome P450 OS=Artemisia annua OX=35608 GN=CTI12_AA514630 PE=3 SV=1,Artemisia annua,30.3,A0A2U1L9U7,UNIPROT,0.303,196,,,,,,,,,,
Cytochrome p450 77a2 OS=Phtheirospermum japonicum OX=374723 GN=PHJA_002406000 PE=3 SV=1,Phtheirospermum japonicum,30.3,A0A830CUA1,UNIPROT,0.303,196,,,,,,,,,,
Cytochrome P450 77A3 OS=Prunus yedoensis var. nudiflora OX=2094558 GN=Pyn_02323 PE=3 SV=1,Prunus yedoensis var. nudiflora,30.3,A0A314UQ02,UNIPROT,0.303,196,,,,,,,,,,
Cytochrome P450 71B23 OS=Raphanus sativus OX=3726 GN=LOC108833497 PE=3 SV=1,Raphanus sativus,30.2,A0A6J0LRJ1,UNIPROT,0.302,200,,,,,,,,,,
Cytochrome P450 OS=Chenopodium quinoa OX=63459 PE=3 SV=1,Chenopodium quinoa,30.1,A0A803L109,UNIPROT,0.301,202,,,,,,,,,,
Cytochrome P450 OS=Brassica cretica OX=69181 GN=F2Q70_00031912 PE=3 SV=1,Brassica cretica,30.1,A0A8S9FJL5,UNIPROT,0.301,202,,,,,,,,,,
Cytochrome p450 77a2 OS=Phtheirospermum japonicum OX=374723 GN=PHJA_002577100 PE=3 SV=1,Phtheirospermum japonicum,30,A0A830DDB8,UNIPROT,0.3,204,,,,,,,,,,
Cytochrome p450 77a3-like protein OS=Trifolium pratense OX=57577 GN=L195_g023963 PE=3 SV=1,Trifolium pratense,29.9,A0A2K3NCA2,UNIPROT,0.299,206,,,,,,,,,,
Cytochrome P450 CYP2 subfamily OS=Handroanthus impetiginosus OX=429701 GN=CDL12_10052 PE=3 SV=1,Handroanthus impetiginosus,29.9,A0A2G9HIA1,UNIPROT,0.299,206,,,,,,,,,,
Cytochrome P450 77A4-like OS=Gossypium hirsutum OX=3635 GN=LOC107900179 PE=3 SV=1,Gossypium hirsutum,29.9,A0A1U8ITG4,UNIPROT,0.299,206,,,,,,,,,,
Cytochrome P450 71B23-like OS=Raphanus sativus OX=3726 GN=LOC108813363 PE=3 SV=1,Raphanus sativus,29.9,A0A6J0K0D2,UNIPROT,0.299,206,,,,,,,,,,
Cytochrome P450 family 87 protein OS=Medicago truncatula OX=3880 GN=11436327 PE=3 SV=1,Medicago truncatula,29.8,G7JI12,UNIPROT,0.298,210,,,,,,,,,,
"Cytochrome P450, E-class, group I OS=Trema orientale OX=63057 GN=TorRG33x02_194230 PE=3 SV=1",Trema orientale,29.8,A0A2P5EH66,UNIPROT,0.298,210,,,,,,,,,,
Cytochrome P450 77A2 OS=Olea europaea subsp. europaea OX=158383 GN=OLEA9_A068714 PE=3 SV=1,Olea europaea subsp. europaea,29.8,A0A8S0V194,UNIPROT,0.298,210,,,,,,,,,,
Cytochrome P450 OS=Nyssa sinensis OX=561372 GN=F0562_032036 PE=3 SV=1,Nyssa sinensis,29.8,A0A5J5AVQ5,UNIPROT,0.298,210,,,,,,,,,,
Cytochrome p450 77a3-like protein OS=Trifolium pratense OX=57577 GN=L195_g017352 PE=3 SV=1,Trifolium pratense,29.8,A0A2K3MTW7,UNIPROT,0.298,210,,,,,,,,,,
Cytochrome P450 77A2-like OS=Sesamum indicum OX=4182 GN=LOC105179689 PE=3 SV=1,Sesamum indicum,29.8,A0A6I9V1S4,UNIPROT,0.298,210,,,,,,,,,,
PREDICTED: cytochrome P450 OS=Prunus dulcis OX=3755 GN=ALMOND_2B014746 PE=3 SV=1,Prunus dulcis,29.8,A0A5E4E6P6,UNIPROT,0.298,210,,,,,,,,,,
Cytochrome P450 OS=Prunus armeniaca OX=36596 GN=CURHAP_LOCUS46542 PE=3 SV=1,Prunus armeniaca,29.8,A0A6J5Y2R3,UNIPROT,0.298,210,,,,,,,,,,
Cytochrome P450 77A1 OS=Solanum tuberosum OX=4113 PE=3 SV=1,Solanum tuberosum,29.7,M1CLZ5,UNIPROT,0.297,218,,,,,,,,,,
(rape) hypothetical protein OS=Brassica napus OX=3708 GN=BnaA03g01330D PE=3 SV=1,Brassica napus,29.7,A0A078FE68,UNIPROT,0.297,218,,,,,,,,,,
Uncharacterized protein (Fragment) OS=Gossypium harknessii OX=34285 GN=Gohar_003102 PE=3 SV=1,Gossypium harknessii,29.7,A0A7J9HMZ5,UNIPROT,0.297,218,,,,,,,,,,
Cytochrome P450 OS=Cuscuta campestris OX=132261 GN=CCAM_LOCUS22049 PE=3 SV=1,Cuscuta campestris,29.7,A0A484LUS5,UNIPROT,0.297,218,,,,,,,,,,
Uncharacterized protein (Fragment) OS=Gossypium klotzschianum OX=34286 GN=Goklo_006774 PE=3 SV=1,Gossypium klotzschianum,29.7,A0A7J8VJB8,UNIPROT,0.297,218,,,,,,,,,,
(rape) hypothetical protein OS=Brassica napus OX=3708 GN=BnaA06g33020D PE=3 SV=1,Brassica napus,29.7,A0A078FKG6,UNIPROT,0.297,218,,,,,,,,,,
Cytochrome P450 OS=Lupinus angustifolius OX=3871 GN=TanjilG_13192 PE=3 SV=1,Lupinus angustifolius,29.7,A0A4P1RTR3,UNIPROT,0.297,218,,,,,,,,,,
Cytochrome p450 77a1 OS=Nicotiana attenuata OX=49451 GN=CYP77A1_0 PE=3 SV=1,Nicotiana attenuata,29.7,A0A314KNE2,UNIPROT,0.297,218,,,,,,,,,,
Uncharacterized protein OS=Cuscuta australis OX=267555 GN=DM860_003995 PE=3 SV=1,Cuscuta australis,29.6,A0A328CZN1,UNIPROT,0.296,226,,,,,,,,,,
Cytochrome P450 77A3-like OS=Ziziphus jujuba var. spinosa OX=714518 GN=FEM48_Zijuj03G0045400 PE=3 SV=1,Ziziphus jujuba var. spinosa,29.6,A0A978VN74,UNIPROT,0.296,226,,,,,,,,,,
Cytochrome P450 89A2 OS=Dichanthelium oligosanthes OX=888268 GN=BAE44_0000682 PE=3 SV=1,Dichanthelium oligosanthes,29.6,A0A1E5WLR2,UNIPROT,0.296,226,,,,,,,,,,
Steroid 21-hydroxylase OS=Collichthys lucidus OX=240159 GN=D9C73_016041 PE=3 SV=1,Collichthys lucidus,29.6,A0A4U5V2E5,UNIPROT,0.296,226,,,,,,,,,,
Cytochrome P450 77A2-like OS=Spinacia oleracea OX=3562 GN=LOC110793773 PE=4 SV=1,Spinacia oleracea,29.5,A0A9R0K1J1,UNIPROT,0.295,231,,,,,,,,,,
Cytochrome P450 77A3 OS=Phaseolus vulgaris OX=3885 GN=PHAVU_003G076900g PE=3 SV=1,Phaseolus vulgaris,29.5,V7C6X0,UNIPROT,0.295,231,,,,,,,,,,
Cytochrome P450 77A4 OS=Raphanus sativus OX=3726 GN=LOC108847097 PE=3 SV=1,Raphanus sativus,29.5,A0A6J0MVA3,UNIPROT,0.295,231,,,,,,,,,,
Cytochrome P450 OS=Zizania palustris OX=103762 GN=GUJ93_ZPchr0014g47188 PE=3 SV=1,Zizania palustris,29.5,A0A8J5W6Q4,UNIPROT,0.295,231,,,,,,,,,,
Cytochrome P450 OS=Corchorus olitorius OX=93759 GN=COLO4_31741 PE=3 SV=1,Corchorus olitorius,29.5,A0A1R3H3Q8,UNIPROT,0.295,231,,,,,,,,,,
Uncharacterized protein OS=Gossypium anomalum OX=47600 GN=CXB51_013728 PE=3 SV=1,Gossypium anomalum,29.4,A0A8J5YQC8,UNIPROT,0.294,237,,,,,,,,,,
Cytochrome P450 77A1 OS=Dendrobium catenatum OX=906689 GN=CYP77A1 PE=3 SV=1,Dendrobium catenatum,29.4,A0A2I0VM48,UNIPROT,0.294,237,,,,,,,,,,
Cytochrome P450 OS=Gossypium mustelinum OX=34275 GN=E1A91_D06G181500v1 PE=3 SV=1,Gossypium mustelinum,29.4,A0A5D2UMG5,UNIPROT,0.294,237,,,,,,,,,,
Cytochrome P450 OS=Cuscuta campestris OX=132261 GN=CCAM_LOCUS38260 PE=3 SV=1,Cuscuta campestris,29.4,A0A484N9E6,UNIPROT,0.294,237,,,,,,,,,,
Cytochrome P450 OS=Erythranthe guttata OX=4155 GN=MIMGU_mgv1a004860mg PE=3 SV=1,Erythranthe guttata,29.4,A0A022RE97,UNIPROT,0.294,237,,,,,,,,,,
Uncharacterized protein OS=Panicum hallii var. hallii OX=1504633 GN=GQ55_7G129700 PE=3 SV=1,Panicum hallii var. hallii,29.4,A0A2T7CUK8,UNIPROT,0.294,237,,,,,,,,,,
Premnaspirodiene oxygenase-like OS=Coffea arabica OX=13443 GN=LOC113743718 PE=3 SV=1,Coffea arabica,29.4,A0A6P6XKR1,UNIPROT,0.294,237,,,,,,,,,,
Cytochrome P450 OS=Setaria viridis OX=4556 GN=SEVIR_7G095650v2 PE=3 SV=1,Setaria viridis,29.4,A0A4U6TT33,UNIPROT,0.294,237,,,,,,,,,,
Cytochrome P450 OS=Setaria italica OX=4555 GN=101753063 PE=3 SV=1,Setaria italica,29.4,K3Y6E9,UNIPROT,0.294,237,,,,,,,,,,
Premnaspirodiene oxygenase-like OS=Coffea canephora OX=49390 GN=GSCOC_T00031577001 PE=3 SV=1,Coffea canephora,29.4,A0A068UQR9,UNIPROT,0.294,237,,,,,,,,,,
Cytochrome P450 89A2-like OS=Panicum miliaceum OX=4540 GN=C2845_PM12G08930 PE=3 SV=1,Panicum miliaceum,29.4,A0A3L6QJL6,UNIPROT,0.294,237,,,,,,,,,,
Cytochrome P450 OS=Sorghum bicolor OX=4558 GN=SORBI_3003G413800 PE=3 SV=1,Sorghum bicolor,29.4,C5XH17,UNIPROT,0.294,237,,,,,,,,,,
Cytochrome P450 OS=Prunus persica OX=3760 GN=PRUPE_7G219700 PE=3 SV=1,Prunus persica,29.4,M5VW54,UNIPROT,0.294,237,,,,,,,,,,
Cytochrome P450 77A3 OS=Abrus precatorius OX=3816 GN=LOC113872464 PE=3 SV=1,Abrus precatorius,29.4,A0A8B8MF94,UNIPROT,0.294,237,,,,,,,,,,
Cytochrome P450 OS=Dendrobium nobile OX=94219 GN=KFK09_009592 PE=3 SV=1,Dendrobium nobile,29.3,A0A8T3BHK2,UNIPROT,0.293,253,,,,,,,,,,
Cytochrome P450 77A3 OS=Apostasia shenzhenica OX=1088818 GN=CYP77A3 PE=3 SV=1,Apostasia shenzhenica,29.3,A0A2I0BFF5,UNIPROT,0.293,253,,,,,,,,,,
Cytochrome P450 OS=Rhamnella rubrinervis OX=2594499 GN=FNV43_RR25251 PE=3 SV=1,Rhamnella rubrinervis,29.3,A0A8K0DTX5,UNIPROT,0.293,253,,,,,,,,,,
Uncharacterized protein OS=Populus tomentosa OX=118781 GN=POTOM_014908 PE=3 SV=1,Populus tomentosa,29.3,A0A8X8ACK2,UNIPROT,0.293,253,,,,,,,,,,
Cytochrome P450 family protein OS=Populus alba OX=43335 GN=D5086_0000267630 PE=3 SV=1,Populus alba,29.3,A0A4U5NL27,UNIPROT,0.293,253,,,,,,,,,,
Cytochrome P450 89A2 OS=Panicum virgatum OX=38727 GN=PVAP13_6KG057800 PE=3 SV=1,Panicum virgatum,29.3,A0A8T0R758,UNIPROT,0.293,253,,,,,,,,,,
Cytochrome P450 OS=Physcomitrium patens OX=3218 GN=PHYPA_023408 PE=3 SV=1,Physcomitrium patens,29.2,A0A2K1J1V7,UNIPROT,0.292,261,,,,,,,,,,
Cytochrome P450 77A3 OS=Morella rubra OX=262757 GN=CJ030_MR2G004007 PE=3 SV=1,Morella rubra,29.2,A0A6A1WAD2,UNIPROT,0.292,261,,,,,,,,,,
Cytochrome P450 77A1 (Fragment) OS=Solanum melongena OX=4111 GN=CYP77A1 PE=2 SV=1,Solanum melongena,29.2,P37123,UNIPROT,0.292,261,,,,,,,,,,
Premnaspirodiene oxygenase-like OS=Coffea arabica OX=13443 GN=LOC113687900 PE=3 SV=1,Coffea arabica,29.2,A0A6P6S502,UNIPROT,0.292,261,,,,,,,,,,
Premnaspirodiene oxygenase-like OS=Coffea arabica OX=13443 GN=LOC113690037 PE=3 SV=1,Coffea arabica,29.2,A0A6P6SC14,UNIPROT,0.292,261,,,,,,,,,,
Cytochrome P450 77A1 OS=Cicer arietinum OX=3827 GN=LOC105852450 PE=3 SV=1,Cicer arietinum,29.2,A0A1S3ED33,UNIPROT,0.292,261,,,,,,,,,,
Cytochrome P450 77A1 OS=Ziziphus jujuba var. spinosa OX=714518 GN=FEM48_Zijuj01G0129200 PE=3 SV=1,Ziziphus jujuba var. spinosa,29.2,A0A978W1D7,UNIPROT,0.292,261,,,,,,,,,,
Cytochrome P450 77A1 OS=Ziziphus jujuba OX=326968 GN=LOC107420023 PE=3 SV=1,Ziziphus jujuba,29.2,A0A6P3ZWF5,UNIPROT,0.292,261,,,,,,,,,,
Cytochrome P450 OS=Carya illinoinensis OX=32201 GN=CIPAW_09G089200 PE=3 SV=1,Carya illinoinensis,29.1,A0A8T1PKC9,UNIPROT,0.291,270,,,,,,,,,,
Cytochrome P450 OS=Carpinus fangiana OX=176857 GN=FH972_000252 PE=3 SV=1,Carpinus fangiana,29.1,A0A5N6Q8B8,UNIPROT,0.291,270,,,,,,,,,,
Uncharacterized protein OS=Camellia sinensis var. sinensis OX=542762 GN=TEA_015141 PE=3 SV=1,Camellia sinensis var. sinensis,29.1,A0A4V3WKW2,UNIPROT,0.291,270,,,,,,,,,,
Cytochrome P450 77A4-like OS=Gossypium hirsutum OX=3635 GN=LOC107961980 PE=3 SV=1,Gossypium hirsutum,29,A0A1U8PTQ7,UNIPROT,0.29,273,,,,,,,,,,
Cytochrome P450 OS=Gossypium mustelinum OX=34275 GN=E1A91_A06G160200v1 PE=3 SV=1,Gossypium mustelinum,29,A0A5D2YYR2,UNIPROT,0.29,273,,,,,,,,,,
Cytochrome P450 OS=Gossypium raimondii OX=29730 GN=B456_010G178900 PE=3 SV=1,Gossypium raimondii,29,A0A0D2VBS8,UNIPROT,0.29,273,,,,,,,,,,
Cytochrome P450 77A3-like OS=Cicer arietinum OX=3827 GN=LOC101513914 PE=3 SV=1,Cicer arietinum,29,A0A1S2XXQ7,UNIPROT,0.29,273,,,,,,,,,,
Cytochrome P450 77A1 OS=Vigna radiata var. radiata OX=3916 GN=LOC106768697 PE=3 SV=1,Vigna radiata var. radiata,29,A0A1S3UTV9,UNIPROT,0.29,273,,,,,,,,,,
"Cytochrome P450, E-class, group I OS=Parasponia andersonii OX=3476 GN=PanWU01x14_312750 PE=3 SV=1",Parasponia andersonii,29,A0A2P5APA6,UNIPROT,0.29,273,,,,,,,,,,
Cytochrome P450 77A1 OS=Juglans regia OX=51240 GN=LOC109014061 PE=3 SV=2,Juglans regia,29,A0A2I4H6Z1,UNIPROT,0.29,273,,,,,,,,,,
Premnaspirodiene oxygenase-like OS=Coffea canephora OX=49390 GN=GSCOC_T00031582001 PE=3 SV=1,Coffea canephora,29,A0A068UT26,UNIPROT,0.29,273,,,,,,,,,,
CYP77A4 OS=Arabidopsis lyrata subsp. lyrata OX=81972 GN=ARALYDRAFT_487247 PE=3 SV=1,Arabidopsis lyrata subsp. lyrata,29,D7LXL2,UNIPROT,0.29,273,,,,,,,,,,
Putative cytochrome P450 superfamily protein OS=Zea mays OX=4577 GN=103636322 PE=3 SV=1,Zea mays,29,K7W1T9,UNIPROT,0.29,273,,,,,,,,,,
Premnaspirodiene oxygenase OS=Helianthus annuus OX=4232 GN=C71DA PE=3 SV=1,Helianthus annuus,28.9,A0A251TAW5,UNIPROT,0.289,283,,,,,,,,,,
Cytochrome P450 77A3 OS=Lupinus angustifolius OX=3871 GN=TanjilG_05156 PE=3 SV=1,Lupinus angustifolius,28.9,A0A1J7FNX1,UNIPROT,0.289,283,,,,,,,,,,
"Cytochrome P450, family 21, subfamily A, polypeptide 2 OS=Cyprinus carpio carpio OX=630221 PE=3 SV=1",Cyprinus carpio carpio,28.9,A0A8C0YFM2,UNIPROT,0.289,283,,,,,,,,,,
Uncharacterized protein OS=Lupinus angustifolius OX=3871 GN=TanjilG_07618 PE=3 SV=1,Lupinus angustifolius,28.9,A0A1J7GLK0,UNIPROT,0.289,283,,,,,,,,,,
Uncharacterized protein OS=Solanum lycopersicum OX=4081 GN=101250470 PE=3 SV=1,Solanum lycopersicum,28.8,A0A3Q7IPR0,UNIPROT,0.288,288,,,,,,,,,,
Steroid 21-hydroxylase OS=Sparus aurata OX=8175 GN=LOC115567844 PE=3 SV=1,Sparus aurata,28.8,A0A671U7S4,UNIPROT,0.288,288,,,,,,,,,,
Cytochrome P450 77A4 OS=Arabidopsis thaliana OX=3702 GN=CYP77A4 PE=2 SV=1,Arabidopsis thaliana,28.8,Q9LZ31,UNIPROT,0.288,288,,,,,,,,,,
Cytochrome P450 OS=Vigna angularis var. angularis OX=157739 GN=Vigan.01G550700 PE=3 SV=1,Vigna angularis var. angularis,28.7,A0A0S3R9P4,UNIPROT,0.287,292,,,,,,,,,,
Cytochrome P450 OS=Phaseolus angularis OX=3914 GN=LR48_Vigan01g338100 PE=3 SV=1,Phaseolus angularis,28.7,A0A0L9TTF8,UNIPROT,0.287,292,,,,,,,,,,
Cytochrome P450 OS=Jatropha curcas OX=180498 GN=JCGZ_21248 PE=3 SV=1,Jatropha curcas,28.7,A0A067JAJ2,UNIPROT,0.287,292,,,,,,,,,,
Cytochrome P450 OS=Hevea brasiliensis OX=3981 GN=GH714_000880 PE=3 SV=1,Hevea brasiliensis,28.7,A0A6A6LY74,UNIPROT,0.287,292,,,,,,,,,,
Cytochrome P450 OS=Digitaria exilis OX=1010633 GN=HU200_051166 PE=3 SV=1,Digitaria exilis,28.7,A0A835ARB7,UNIPROT,0.287,292,,,,,,,,,,
p450 domain-containing protein OS=Cephalotus follicularis OX=3775 GN=CFOL_v3_11683 PE=3 SV=1,Cephalotus follicularis,28.7,A0A1Q3BJI7,UNIPROT,0.287,292,,,,,,,,,,
Steroid 21-hydroxylase-like OS=Sinocyclocheilus rhinocerous OX=307959 GN=LOC107743211 PE=3 SV=1,Sinocyclocheilus rhinocerous,28.6,A0A673H4S2,UNIPROT,0.286,301,,,,,,,,,,
Cytochrome P450 OS=Arachis hypogaea OX=3818 GN=Ahy_B01g055903 PE=3 SV=1,Arachis hypogaea,28.6,A0A445AXI1,UNIPROT,0.286,301,,,,,,,,,,
Cytochrome P450 OS=Chenopodium quinoa OX=63459 PE=3 SV=1,Chenopodium quinoa,28.6,A0A803M201,UNIPROT,0.286,301,,,,,,,,,,
"Cytochrome P450, family 21, subfamily A, polypeptide 2 OS=Astyanax mexicanus OX=7994 PE=3 SV=2",Astyanax mexicanus,28.6,W5LAA4,UNIPROT,0.286,301,,,,,,,,,,
Cytochrome P450 77A1-like OS=Nicotiana tabacum OX=4097 GN=LOC107788916 PE=3 SV=1,Nicotiana tabacum,28.5,A0A1S3ZPC5,UNIPROT,0.285,307,,,,,,,,,,
Cytochrome P450 OS=Salix dunnii OX=1413687 GN=SADUNF_Sadunf04G0011200 PE=3 SV=1,Salix dunnii,28.5,A0A835KE86,UNIPROT,0.285,307,,,,,,,,,,
Cytochrome P450 OS=Cannabis sativa OX=3483 GN=F8388_027185 PE=3 SV=1,Cannabis sativa,28.5,A0A7J6HWI0,UNIPROT,0.285,307,,,,,,,,,,
Steroid 21-hydroxylase OS=Onychostoma macrolepis OX=369639 GN=G5714_016305 PE=3 SV=1,Onychostoma macrolepis,28.5,A0A7J6CCA1,UNIPROT,0.285,307,,,,,,,,,,
Cytochrome P450 89A2-like OS=Phoenix dactylifera OX=42345 GN=LOC103712482 PE=3 SV=1,Phoenix dactylifera,28.5,A0A8B7CED2,UNIPROT,0.285,307,,,,,,,,,,
BnaC08g41990D protein OS=Brassica napus OX=3708 GN=BnaC08g41990D PE=3 SV=1,Brassica napus,28.5,A0A078H7Z4,UNIPROT,0.285,307,,,,,,,,,,
Cytochrome P450 89A2 OS=Colocasia esculenta OX=4460 GN=Taro_028733 PE=3 SV=1,Colocasia esculenta,28.5,A0A843VLY5,UNIPROT,0.285,307,,,,,,,,,,
Cytochrome P450 77A1 OS=Arachis duranensis OX=130453 GN=LOC107466822 PE=3 SV=1,Arachis duranensis,28.4,A0A6P4BFB4,UNIPROT,0.284,315,,,,,,,,,,
Cytochrome P450 OS=Arachis hypogaea OX=3818 GN=Ahy_A01g000819 PE=3 SV=1,Arachis hypogaea,28.4,A0A445ELF5,UNIPROT,0.284,315,,,,,,,,,,
Cytochrome P450 77A2 OS=Vitis vinifera OX=29760 GN=VIT_13s0074g00390 PE=3 SV=1,Vitis vinifera,28.4,D7UBU8,UNIPROT,0.284,315,,,,,,,,,,
Cytochrome P450 77A4-like OS=Spinacia oleracea OX=3562 GN=LOC110803623 PE=4 SV=1,Spinacia oleracea,28.3,A0A9R0KBV6,UNIPROT,0.283,318,,,,,,,,,,
Cytochrome P450 77A3-like OS=Raphanus sativus OX=3726 GN=LOC108829178 PE=3 SV=1,Raphanus sativus,28.3,A0A6J0LFD8,UNIPROT,0.283,318,,,,,,,,,,
Cytochrome P450 77A3 OS=Eutrema salsugineum OX=72664 GN=EUTSA_v10007399mg PE=3 SV=1,Eutrema salsugineum,28.2,V4L7E6,UNIPROT,0.282,320,,,,,,,,,,
Cytochrome P450 77A3 OS=Zea mays OX=4577 GN=100273592 PE=2 SV=1,Zea mays,28.2,C0PFY1,UNIPROT,0.282,320,,,,,,,,,,
Steroid 21-hydroxylase-like OS=Sinocyclocheilus anshuiensis OX=1608454 GN=LOC107685595 PE=3 SV=1,Sinocyclocheilus anshuiensis,28.2,A0A671LW96,UNIPROT,0.282,320,,,,,,,,,,
Steroid 21-hydroxylase-like OS=Sinocyclocheilus rhinocerous OX=307959 GN=LOC107743211 PE=3 SV=1,Sinocyclocheilus rhinocerous,28.2,A0A673H2R4,UNIPROT,0.282,320,,,,,,,,,,
Cytochrome P450 OS=Salix brachista OX=2182728 GN=DKX38_005399 PE=3 SV=1,Salix brachista,28.1,A0A5N5MZX8,UNIPROT,0.281,324,,,,,,,,,,
Cytochrome P450 family protein OS=Populus alba OX=43335 GN=D5086_0000267640 PE=3 SV=1,Populus alba,28.1,A0A4U5NLL2,UNIPROT,0.281,324,,,,,,,,,,
Cytochrome P450 OS=Populus trichocarpa OX=3694 GN=POPTR_004G019000 PE=3 SV=2,Populus trichocarpa,28.1,B9H1E7,UNIPROT,0.281,324,,,,,,,,,,
Uncharacterized protein OS=Populus tomentosa OX=118781 GN=POTOM_016659 PE=3 SV=1,Populus tomentosa,28.1,A0A8X8A2Y0,UNIPROT,0.281,324,,,,,,,,,,
Uncharacterized protein OS=Populus tomentosa OX=118781 GN=POTOM_014909 PE=3 SV=1,Populus tomentosa,28.1,A0A8X8A0U6,UNIPROT,0.281,324,,,,,,,,,,
Cytochrome P450 89A9 OS=Apostasia shenzhenica OX=1088818 GN=CYP89A9 PE=3 SV=1,Apostasia shenzhenica,28,A0A2I0A3U4,UNIPROT,0.28,330,,,,,,,,,,
Cytochrome P450 89A2 OS=Dendrobium catenatum OX=906689 GN=CYP89A2 PE=3 SV=1,Dendrobium catenatum,27.9,A0A2I0W5S2,UNIPROT,0.279,331,,,,,,,,,,
Uncharacterized protein OS=Rhamnella rubrinervis OX=2594499 GN=FNV43_RR07791 PE=3 SV=1,Rhamnella rubrinervis,27.9,A0A8K0HH84,UNIPROT,0.279,331,,,,,,,,,,
Cytochrome P450 family protein OS=Tripterygium wilfordii OX=458696 GN=HS088_TW09G00225 PE=3 SV=1,Tripterygium wilfordii,27.8,A0A7J7D792,UNIPROT,0.278,334,,,,,,,,,,
Cytochrome P450 71D8 OS=Glycine max OX=3847 GN=100790902 PE=3 SV=1,Glycine max,27.8,I1L9Y1,UNIPROT,0.278,334,,,,,,,,,,
Cytochrome P450 OS=Malus domestica OX=3750 GN=DVH24_024529 PE=3 SV=1,Malus domestica,27.7,A0A498JIP9,UNIPROT,0.277,337,,,,,,,,,,
Cytochrome p450 77a1 OS=Nicotiana attenuata OX=49451 GN=CYP77A1_1 PE=3 SV=1,Nicotiana attenuata,27.7,A0A314KMX0,UNIPROT,0.277,337,,,,,,,,,,
Cytochrome P450 77A1-like OS=Pyrus ussuriensis x Pyrus communis OX=2448454 GN=D8674_031979 PE=3 SV=1,Pyrus ussuriensis x Pyrus communis,27.7,A0A5N5F0A4,UNIPROT,0.277,337,,,,,,,,,,
Cytochrome P450 77A3-like OS=Raphanus sativus OX=3726 GN=LOC108821821 PE=3 SV=1,Raphanus sativus,27.6,A0A6J0KTA7,UNIPROT,0.276,342,,,,,,,,,,
Cytochrome P450 2U1-like isoform X4 OS=Branchiostoma floridae OX=7739 GN=LOC118413157 PE=3 SV=1,Branchiostoma floridae,27.4,A0A9J7KXG7,UNIPROT,0.274,345,,,,,,,,,,
(rape) hypothetical protein OS=Brassica napus OX=3708 GN=BnaA08g31590D PE=3 SV=1,Brassica napus,27.2,A0A078JEG5,UNIPROT,0.272,347,,,,,,,,,,
Cytochrome P450 OS=Marchantia polymorpha OX=3197 GN=MARPO_0132s0024 PE=3 SV=1,Marchantia polymorpha,27.1,A0A2R6W7W4,UNIPROT,0.271,348,,,,,,,,,,
"Cytochrome P450, putative OS=Ricinus communis OX=3988 GN=RCOM_0905330 PE=3 SV=1",Ricinus communis,27.1,B9RXP4,UNIPROT,0.271,348,,,,,,,,,,
Cytochrome P450 89A2 OS=Apostasia shenzhenica OX=1088818 GN=CYP89A2 PE=3 SV=1,Apostasia shenzhenica,27,A0A2I0AUI2,UNIPROT,0.27,351,,,,,,,,,,