Unnamed: 0,Orthogroup.ID,AHRD.Descriptions,TAIR.Gene.s..Descriptions,Pfam.Domains,GO.Molecular.Functions,GO.Biological.Processes,Cluster
Pn1.1322,5943,basic helix-loop-helix (bHLH) DNA-binding superfamily protein ,basic helix-loop-helix (bHLH) DNA-binding superfamily protein,HLH ,protein dimerization activity ,NULL / Representative annotation below 0.1%,5
Pn1.1584,1819,Leucine-rich repeat protein kinase family protein ,leucine-rich repeat transmembrane protein kinase family protein ,Pkinase ,protein kinase activity ,protein phosphorylation (GO:0006468) [0.964],2
Pn1.1953,321,Homeodomain-like superfamily protein ,Homeodomain-like superfamily protein ,Myb_CC_LHEQLE ,chromatin binding ,NULL / Representative annotation below 0.1%,4
Pn1.2045,1802,response regulator 24 ,response regulator 22 ,Response_reg ,phosphorelay response regulator activity ,phosphorelay signal transduction system (GO:0000160) [1.000] | signal transduction (GO:0007165) [0.018],3
Pn1.2195,3123,B-box type zinc finger family protein ,B-box type zinc finger family protein,zf-B_box ,zinc ion binding ,NULL / Representative annotation below 0.1%,1
Pn1.2227,76,Homeobox-leucine zipper protein ROC7 ,Homeobox-leucine zipper family protein / lipid-binding START domain-containing protein ,START ,lipid binding ,"regulation of transcription, DNA-templated (GO:0006355) [0.924] | exocytosis (GO:0006887) [0.004]",2
Pn1.2300,2423,Carbohydrate-binding-like fold ,Carbohydrate-binding-like fold,CBM_20 ,starch binding ,"DNA-templated transcription, termination (GO:0006353) [0.083]",4
Pn1.2314,52,Wall-associated receptor kinase 2 ,Wall-associated kinase family protein ,GUB_WAK_bind ,protein kinase activity ,protein phosphorylation (GO:0006468) [0.859] | cell wall macromolecule catabolic process (GO:0016998) [0.014],2
Pn1.2338,1100,O-fucosyltransferase family protein ,O-fucosyltransferase family protein,O-FucT ,ADP binding ,NULL / Representative annotation below 0.1%,4
Pn1.2429,520,Phototropic-responsive NPH3 family protein ,Phototropic-responsive NPH3 family protein,NPH3 ,protein binding ,"regulation of transcription, DNA-templated (GO:0006355) [0.010]",1
Pn1.263,6159,DnaJ/Hsp40 cysteine-rich domain superfamily protein ,DnaJ/Hsp40 cysteine-rich domain superfamily protein,LRR_1 ,protein binding ,NULL / Representative annotation below 0.1%,1
Pn1.2793,2598,potassium channel in Arabidopsis thaliana 1 ,gated outwardly-rectifying K+ channel ,cNMP_binding ,ion channel activity ,ion transport (GO:0006811) [0.913] | transmembrane transport (GO:0055085) [0.913],1
Pn1.2823,144,Glycosyl hydrolase family protein ,Glycosyl hydrolase family protein,Glyco_hydro_3 ,"hydrolase activity, hydrolyzing O-glycosyl compounds ",carbohydrate metabolic process (GO:0005975) [1.000],3
Pn1.2844,275,EXORDIUM like 2 ,Phosphate-responsive 1 family protein ,Phi_1 ,triglyceride lipase activity ,lipid metabolic process (GO:0006629) [0.008],2
Pn1.2992,311,"cytochrome P450, family 78, subfamily A, polypeptide 6 ",cytochrome p450 78a9 ,p450 ,iron ion binding ,oxidation-reduction process (GO:0055114) [1.000],3
Pn1.2993,311,"cytochrome P450, family 78, subfamily A, polypeptide 6 ",cytochrome p450 78a9 ,p450 ,iron ion binding ,oxidation-reduction process (GO:0055114) [1.000],3
Pn1.30,3277,Methionine--tRNA ligase ,"methionine--tRNA ligase, putative / methionyl-tRNA synthetase, putative / MetRS, putative",tRNA-synt_1g ,ATP binding ,tRNA aminoacylation for protein translation (GO:0006418) [1.000] | defense response (GO:0006952) [0.025],3
Pn1.3008,1320,basic helix-loop-helix (bHLH) DNA-binding superfamily protein ,basic helix-loop-helix (bHLH) DNA-binding family protein ,HLH ,protein dimerization activity ,NULL / Representative annotation below 0.1%,1
Pn1.3133,311,"cytochrome P450, family 78, subfamily A, polypeptide 6 ",cytochrome p450 78a9 ,p450 ,iron ion binding ,oxidation-reduction process (GO:0055114) [1.000],3
Pn1.3134,311,"cytochrome P450, family 78, subfamily A, polypeptide 6 ",cytochrome p450 78a9 ,p450 ,iron ion binding ,oxidation-reduction process (GO:0055114) [1.000],3
Pn1.3162,10296,RmlC-like cupins superfamily protein ,Unkown protein(s) / No TAIR description(s),Cupin_1 ,nutrient reservoir activity ,NULL / Representative annotation below 0.1%,4
Pn1.3164,383,Histone superfamily protein ,Histone superfamily protein ,Histone ,DNA binding ,protein phosphorylation (GO:0006468) [0.009],2
Pn1.3194,1646,Chaperone protein DnaJ ,Chaperone DnaJ-domain superfamily protein,DnaJ ,NULL / Representative annotation below 0.1%,NULL / Representative annotation below 0.1%,2
Pn1.3591,90,laccase 17 ,laccase 17 ,Cu-oxidase ,copper ion binding ,oxidation-reduction process (GO:0055114) [1.000] | carbohydrate metabolic process (GO:0005975) [0.004],6
Pn1.360,1897,Ovarian cancer-associated gene 2 protein homolog ,alpha/beta-Hydrolases superfamily protein,FSH1 ,calcium ion binding ,NULL / Representative annotation below 0.1%,3
Pn1.361,1897,Ovarian cancer-associated gene 2 protein homolog ,alpha/beta-Hydrolases superfamily protein,FSH1 ,calcium ion binding ,NULL / Representative annotation below 0.1%,3
Pn1.3610,496,Gibberellin-regulated family protein ,Gibberellin-regulated family protein ,GASA ,NULL / Representative annotation below 0.1%,NULL / Representative annotation below 0.1%,3
Pn1.362,1897,Ovarian cancer-associated gene 2 protein homolog ,alpha/beta-Hydrolases superfamily protein,FSH1 ,calcium ion binding ,NULL / Representative annotation below 0.1%,3
Pn1.363,1897,Ovarian cancer-associated gene 2 protein homolog ,alpha/beta-Hydrolases superfamily protein,FSH1 ,calcium ion binding ,NULL / Representative annotation below 0.1%,3
Pn1.364,1897,Ovarian cancer-associated gene 2 protein homolog ,alpha/beta-Hydrolases superfamily protein,FSH1 ,calcium ion binding ,NULL / Representative annotation below 0.1%,3
Pn1.365,1115,Importin subunit beta-1 ,ARM repeat superfamily protein,IBN_N ,Ran GTPase binding ,intracellular protein transport (GO:0006886) [0.971],3
Pn1.3759,10200,Unkown protein / Representative AHRD below 0.1%,Unkown protein(s) / No TAIR description(s),NULL / Representative annotation below 0.1%,NULL / Representative annotation below 0.1%,NULL / Representative annotation below 0.1%,1
Pn1.407,2048,MATE efflux family protein ,MATE efflux family protein,MatE ,drug transmembrane transporter activity ,drug transmembrane transport (GO:0006855) [1.000] | transmembrane transport (GO:0055085) [1.000],5
Pn1.517,2387,xyloglucan endotransglucosylase/hydrolase 32 ,xyloglucan endotransglucosylase/hydrolase 32 ,Glyco_hydro_16 ,xyloglucan:xyloglucosyl transferase activity ,carbohydrate metabolic process (GO:0005975) [1.000] | cellular glucan metabolic process (GO:0006073) [1.000],3
Pn1.706,3074,2-succinylbenzoate--CoA ligase ,AMP-dependent synthetase and ligase family protein,AMP-binding ,catalytic activity ,metabolic process (GO:0008152) [0.976],3
Pn1.835,3074,2-succinylbenzoate--CoA ligase ,AMP-dependent synthetase and ligase family protein,AMP-binding ,catalytic activity ,metabolic process (GO:0008152) [0.976],3
Pn1.923,7885,Unkown protein / Representative AHRD below 0.1%,Unkown protein(s) / No TAIR description(s),DUF740 ,NULL / Representative annotation below 0.1%,NULL / Representative annotation below 0.1%,2
Pn10.1176,1060,mitogen-activated protein kinase kinase 4 ,MAP kinase kinase 7 ,Pkinase ,ATP binding ,protein phosphorylation (GO:0006468) [1.000],2
Pn10.1374,2150,Cysteine-rich repeat secretory protein 60 ,plasmodesmata-located protein 7 ,Stress-antifung ,NULL / Representative annotation below 0.1%,NULL / Representative annotation below 0.1%,4
Pn10.1427,223,Carbonic anhydrase ,alpha carbonic anhydrase 1 ,Carb_anhydrase ,protein binding ,NULL / Representative annotation below 0.1%,3
Pn10.1466,2130,Unkown protein / Representative AHRD below 0.1%,Unkown protein(s) / No TAIR description(s),NULL / Representative annotation below 0.1%,NULL / Representative annotation below 0.1%,NULL / Representative annotation below 0.1%,2
Pn10.1625,4898,tRNA (cytosine(34)-C(5))-methyltransferase ,S-adenosyl-L-methionine-dependent methyltransferases superfamily protein,Nol1_Nop2_Fmu ,NULL / Representative annotation below 0.1%,NULL / Representative annotation below 0.1%,2
Pn10.1663,665,Thioredoxin superfamily protein ,thioredoxin H-type 5 ,Thioredoxin ,NULL / Representative annotation below 0.1%,cell redox homeostasis (GO:0045454) [1.000],3
Pn10.179,1810,Ethylene-responsive transcription factor 7 ,Integrase-type DNA-binding superfamily protein,AP2 ,sequence-specific DNA binding transcription factor activity ,"regulation of transcription, DNA-templated (GO:0006355) [1.000]",2
Pn10.270,6534,Glycogen debranching enzyme ,isoamylase 1,CBM_48 ,"hydrolase activity, hydrolyzing O-glycosyl compounds ",carbohydrate metabolic process (GO:0005975) [0.929],3
Pn10.271,6534,Glycogen debranching enzyme ,isoamylase 1,CBM_48 ,"hydrolase activity, hydrolyzing O-glycosyl compounds ",carbohydrate metabolic process (GO:0005975) [0.929],4
Pn10.80,1016,Unkown protein / Representative AHRD below 0.1%,Protein of unknown function (DUF1645),DUF1645 ,NULL / Representative annotation below 0.1%,NULL / Representative annotation below 0.1%,2
Pn10.898,3250,homeobox protein 34 ,homeobox protein 26 ,ZF-HD_dimer ,NULL / Representative annotation below 0.1%,NULL / Representative annotation below 0.1%,2
Pn10.915,13130,Albumin-2 ,Unkown protein(s) / No TAIR description(s),Hemopexin ,NULL / Representative annotation below 0.1%,NULL / Representative annotation below 0.1%,1
Pn10.924,9053,"PsbP domain-containing protein 6, chloroplastic ",Mog1/PsbP/DUF1795-like photosystem II reaction center PsbP family protein,PsbP ,calcium ion binding ,photosynthesis (GO:0015979) [1.000],1
Pn11.1027,1893,"glucan endo-1,3-beta-glucosidase-like protein 3 ",plasmodesmata callose-binding protein 3 ,X8 ,NULL / Representative annotation below 0.1%,NULL / Representative annotation below 0.1%,3
Pn11.1029,1893,"glucan endo-1,3-beta-glucosidase-like protein 3 ",plasmodesmata callose-binding protein 3 ,X8 ,NULL / Representative annotation below 0.1%,NULL / Representative annotation below 0.1%,3
Pn11.1123,2288,"Granule-bound starch synthase 1, chloroplastic/amyloplastic ",UDP-Glycosyltransferase superfamily protein,Glyco_transf_5 ,NULL / Representative annotation below 0.1%,biosynthetic process (GO:0009058) [0.960],4
Pn11.1179,3168,"Malate dehydrogenase, cytoplasmic ",Lactate/malate dehydrogenase family protein,Ldh_1_N ,"oxidoreductase activity, acting on the CH-OH group of donors, NAD or NADP as acceptor ",oxidation-reduction process (GO:0055114) [1.000],2
Pn11.1181,7367,squamosa promoter binding protein-like 8 ,"Protein of unknown function, DUF547",Lzipper-MIP1 ,DNA binding ,proteolysis (GO:0006508) [0.038],1
Pn11.1187,4381,Peroxisomal acyl-coenzyme A oxidase 1 ,acyl-CoA oxidase 1 ,Acyl-CoA_ox_N ,acyl-CoA oxidase activity ,oxidation-reduction process (GO:0055114) [1.000] | fatty acid beta-oxidation (GO:0006635) [0.971],4
Pn11.1242,6422,Heavy metal transport/detoxification superfamily protein ,Heavy metal transport/detoxification superfamily protein ,HMA ,metal ion binding ,metal ion transport (GO:0030001) [1.000],3
Pn11.1403,8084,Protein kinase superfamily protein ,WAG 1 ,Pkinase ,ATP binding ,protein phosphorylation (GO:0006468) [1.000],2
Pn11.1433,4181,Zinc finger (C3HC4-type RING finger) family protein ,Zinc finger (C3HC4-type RING finger) family protein,zf-RING_2 ,protein binding ,NULL / Representative annotation below 0.1%,1
Pn11.1453,776,basic helix-loop-helix (bHLH) DNA-binding superfamily protein ,basic helix-loop-helix (bHLH) DNA-binding superfamily protein,HLH ,protein dimerization activity ,NULL / Representative annotation below 0.1%,4
Pn11.1479,1693,Homeobox protein knotted-1-like 2 ,KNOTTED-like from Arabidopsis thaliana ,Homeobox_KN ,DNA binding ,"regulation of transcription, DNA-templated (GO:0006355) [0.966]",5
Pn11.1494,9246,Unkown protein / Representative AHRD below 0.1%,Unkown protein(s) / No TAIR description(s),NULL / Representative annotation below 0.1%,NULL / Representative annotation below 0.1%,NULL / Representative annotation below 0.1%,6
Pn11.2197,9988,17.6 kDa class II heat shock protein ,HSP20-like chaperones superfamily protein,HSP20 ,NULL / Representative annotation below 0.1%,NULL / Representative annotation below 0.1%,3
Pn11.2401,1895,Adenine nucleotide alpha hydrolases-like superfamily protein ,Adenine nucleotide alpha hydrolases-like superfamily protein,Usp ,NULL / Representative annotation below 0.1%,response to stress (GO:0006950) [1.000],3
Pn11.2427,10834,Unkown protein / Representative AHRD below 0.1%,Unkown protein(s) / No TAIR description(s),NULL / Representative annotation below 0.1%,NULL / Representative annotation below 0.1%,NULL / Representative annotation below 0.1%,5
Pn11.247,304,terpene synthase 03 ,"terpene synthase-like sequence-1,8-cineole ",Terpene_synth_C ,lyase activity ,metabolic process (GO:0008152) [0.953],3
Pn11.251,304,terpene synthase 03 ,"terpene synthase-like sequence-1,8-cineole ",Terpene_synth_C ,lyase activity ,metabolic process (GO:0008152) [0.953],3
Pn11.26,1683,Trans-cinnamate 4-monooxygenase ,cinnamate-4-hydroxylase,p450 ,iron ion binding ,oxidation-reduction process (GO:0055114) [1.000],4
Pn11.266,304,terpene synthase 03 ,"terpene synthase-like sequence-1,8-cineole ",Terpene_synth_C ,lyase activity ,metabolic process (GO:0008152) [0.953],3
Pn11.2701,6183,Cytochrome P450 superfamily protein ,"cytochrome P450, family 724, subfamily A, polypeptide 1",p450 ,iron ion binding ,oxidation-reduction process (GO:0055114) [1.000],1
Pn11.349,777,adenine phosphoribosyltransferase 5 ,adenine phosphoribosyl transferase 4 ,Pribosyltran ,NULL / Representative annotation below 0.1%,nucleoside metabolic process (GO:0009116) [1.000],3
Pn11.42,366,lipid phosphate phosphatase 3 ,Phosphatidic acid phosphatase (PAP2) family protein ,PAP2 ,catalytic activity ,NULL / Representative annotation below 0.1%,4
Pn11.498,4512,Mitochondrial pyruvate carrier 1 ,Uncharacterised protein family (UPF0041),MPC ,NULL / Representative annotation below 0.1%,mitochondrial pyruvate transport (GO:0006850) [1.000],3
Pn11.536,36699,Unkown protein / Representative AHRD below 0.1%,Protein of Unknown Function (DUF239),DUF239 ,NULL / Representative annotation below 0.1%,NULL / Representative annotation below 0.1%,3
Pn11.747,304,terpene synthase 03 ,"terpene synthase-like sequence-1,8-cineole ",Terpene_synth_C ,lyase activity ,metabolic process (GO:0008152) [0.953],3
Pn11.754,304,terpene synthase 03 ,"terpene synthase-like sequence-1,8-cineole ",Terpene_synth_C ,lyase activity ,metabolic process (GO:0008152) [0.953],3
Pn11.885,3955,caffeoyl-CoA 3-O-methyltransferase ,S-adenosyl-L-methionine-dependent methyltransferases superfamily protein,Methyltransf_3 ,O-methyltransferase activity ,NULL / Representative annotation below 0.1%,5
Pn11.923,987,VQ motif-containing protein ,VQ motif-containing protein,VQ ,NULL / Representative annotation below 0.1%,NULL / Representative annotation below 0.1%,2
Pn12.1207,3250,homeobox protein 34 ,homeobox protein 26 ,ZF-HD_dimer ,NULL / Representative annotation below 0.1%,NULL / Representative annotation below 0.1%,2
Pn12.1240,843,laccase 11 ,Plant L-ascorbate oxidase ,Cu-oxidase_2 ,copper ion binding ,oxidation-reduction process (GO:0055114) [1.000],2
Pn12.126,1060,mitogen-activated protein kinase kinase 4 ,MAP kinase kinase 7 ,Pkinase ,ATP binding ,protein phosphorylation (GO:0006468) [1.000],2
Pn12.1282,737,Zinc finger protein CONSTANS-LIKE 1 ,B-box zinc finger family protein ,zf-B_box ,zinc ion binding ,NULL / Representative annotation below 0.1%,4
Pn12.1340,3623,"Dicarboxylate transporter 2.1, chloroplastic ",dicarboxylate transporter 2.2 ,Na_sulph_symp ,transporter activity ,sodium ion transport (GO:0006814) [1.000] | transmembrane transport (GO:0055085) [1.000],2
Pn12.1473,4811,FAD/NAD(P)-binding oxidoreductase family protein ,FAD/NAD(P)-binding oxidoreductase family protein,Amino_oxidase ,oxidoreductase activity ,oxidation-reduction process (GO:0055114) [0.636] | protein phosphorylation (GO:0006468) [0.394],1
Pn12.1515,405,Wound-responsive family protein ,Wound-responsive family protein,DUF3774 ,NULL / Representative annotation below 0.1%,NULL / Representative annotation below 0.1%,3
Pn12.1520,405,Wound-responsive family protein ,Wound-responsive family protein,DUF3774 ,NULL / Representative annotation below 0.1%,NULL / Representative annotation below 0.1%,3
Pn12.1522,405,Wound-responsive family protein ,Wound-responsive family protein,DUF3774 ,NULL / Representative annotation below 0.1%,NULL / Representative annotation below 0.1%,3
Pn12.1574,29,Leucine-rich receptor-like protein kinase family protein ,Leucine-rich receptor-like protein kinase family protein ,LRR_1 ,protein kinase activity ,"protein phosphorylation (GO:0006468) [0.907] | DNA-templated transcription, termination (GO:0006353) [0.002]",2
Pn12.1608,11917,Unkown protein / Representative AHRD below 0.1%,Unkown protein(s) / No TAIR description(s),NULL / Representative annotation below 0.1%,NULL / Representative annotation below 0.1%,NULL / Representative annotation below 0.1%,2
Pn12.171,10100,Unkown protein / Representative AHRD below 0.1%,Protein of unknown function (DUF679),DUF679 ,NULL / Representative annotation below 0.1%,NULL / Representative annotation below 0.1%,2
Pn12.1773,913,Eukaryotic aspartyl protease family protein ,Eukaryotic aspartyl protease family protein,TAXi_C ,aspartic-type endopeptidase activity ,proteolysis (GO:0006508) [0.013],4
Pn12.181,2048,MATE efflux family protein ,MATE efflux family protein,MatE ,drug transmembrane transporter activity ,drug transmembrane transport (GO:0006855) [1.000] | transmembrane transport (GO:0055085) [1.000],5
Pn12.1812,2008,Disease resistance protein (TIR-NBS class) ,P-loop containing nucleoside triphosphate hydrolases superfamily protein ,NB-ARC ,ADP binding ,signal transduction (GO:0007165) [0.113],5
Pn12.1813,1953,HXXXD-type acyl-transferase family protein ,HXXXD-type acyl-transferase family protein ,Transferase ,"transferase activity, transferring acyl groups other than amino-acyl groups ",NULL / Representative annotation below 0.1%,4
Pn12.1912,9884,Unkown protein / Representative AHRD below 0.1%,Unkown protein(s) / No TAIR description(s),NULL / Representative annotation below 0.1%,NULL / Representative annotation below 0.1%,NULL / Representative annotation below 0.1%,6
Pn12.2015,1876,UDP-Glycosyltransferase superfamily protein ,UDP-Glycosyltransferase superfamily protein ,UDPGT ,"transferase activity, transferring hexosyl groups ",metabolic process (GO:0008152) [1.000],2
Pn12.444,89,UDP-Glycosyltransferase superfamily protein ,UDP-glucosyl transferase 85A3 ,UDPGT ,"transferase activity, transferring hexosyl groups ",metabolic process (GO:0008152) [0.925] | signal transduction (GO:0007165) [0.008],3
Pn12.451,1579,metacaspase 1 ,metacaspase 3 ,Peptidase_C14 ,cysteine-type endopeptidase activity ,proteolysis (GO:0006508) [1.000],1
Pn12.524,6532,Pollen Ole e 1 allergen and extensin family protein ,Pollen Ole e 1 allergen and extensin family protein,Pollen_Ole_e_I ,NULL / Representative annotation below 0.1%,NULL / Representative annotation below 0.1%,4
Pn12.557,1579,metacaspase 1 ,metacaspase 3 ,Peptidase_C14 ,cysteine-type endopeptidase activity ,proteolysis (GO:0006508) [1.000],1
Pn12.683,448,Peroxidase superfamily protein ,Peroxidase superfamily protein,peroxidase ,peroxidase activity ,oxidation-reduction process (GO:0055114) [1.000] | response to oxidative stress (GO:0006979) [1.000],5
Pn12.836,1391,exocyst subunit exo70 family protein H7 ,exocyst subunit exo70 family protein H7 ,Exo70 ,NULL / Representative annotation below 0.1%,exocytosis (GO:0006887) [1.000],5
Pn12.952,8043,Plant invertase/pectin methylesterase inhibitor superfamily ,Plant invertase/pectin methylesterase inhibitor superfamily,Pectinesterase ,pectinesterase activity ,cell wall modification (GO:0042545) [1.000],5
Pn13.1157,76,Homeobox-leucine zipper protein ROC7 ,Homeobox-leucine zipper family protein / lipid-binding START domain-containing protein ,START ,lipid binding ,"regulation of transcription, DNA-templated (GO:0006355) [0.924] | exocytosis (GO:0006887) [0.004]",2
Pn13.1190,985,2-oxoglutarate (2OG) and Fe(II)-dependent oxygenase superfamily protein ,2-oxoglutarate (2OG) and Fe(II)-dependent oxygenase superfamily protein,2OG-FeII_Oxy ,"oxidoreductase activity, acting on paired donors, with incorporation or reduction of molecular oxygen, 2-oxoglutarate as one donor, and incorporation of one atom each of oxygen into both donors ",oxidation-reduction process (GO:0055114) [1.000],5
Pn13.1199,32,Subtilase family protein ,Subtilase family protein ,Peptidase_S8 ,serine-type endopeptidase activity ,"proteolysis (GO:0006508) [0.994] | negative regulation of catalytic activity (GO:0043086) [0.888] | translation (GO:0006412) [0.002] | transport (GO:0006810) [0.002] | transcription, DNA-templated (GO:0006351) [0.002]",1
Pn13.1209,32,Subtilase family protein ,Subtilase family protein ,Peptidase_S8 ,serine-type endopeptidase activity ,"proteolysis (GO:0006508) [0.994] | negative regulation of catalytic activity (GO:0043086) [0.888] | translation (GO:0006412) [0.002] | transport (GO:0006810) [0.002] | transcription, DNA-templated (GO:0006351) [0.002]",1
Pn13.1213,32,Subtilase family protein ,Subtilase family protein ,Peptidase_S8 ,serine-type endopeptidase activity ,"proteolysis (GO:0006508) [0.994] | negative regulation of catalytic activity (GO:0043086) [0.888] | translation (GO:0006412) [0.002] | transport (GO:0006810) [0.002] | transcription, DNA-templated (GO:0006351) [0.002]",1
Pn13.1217,32,Subtilase family protein ,Subtilase family protein ,Peptidase_S8 ,serine-type endopeptidase activity ,"proteolysis (GO:0006508) [0.994] | negative regulation of catalytic activity (GO:0043086) [0.888] | translation (GO:0006412) [0.002] | transport (GO:0006810) [0.002] | transcription, DNA-templated (GO:0006351) [0.002]",1
Pn13.1375,1204,Auxin-responsive protein IAA4 ,AUX/IAA transcriptional regulator family protein,AUX_IAA ,NULL / Representative annotation below 0.1%,"regulation of transcription, DNA-templated (GO:0006355) [1.000]",1
Pn13.1561,129,UDP-Glycosyltransferase superfamily protein ,UDP-Glycosyltransferase superfamily protein ,UDPGT ,"transferase activity, transferring hexosyl groups ",metabolic process (GO:0008152) [0.971],5
Pn13.1873,39253,Unkown protein / Representative AHRD below 0.1%,Unkown protein(s) / No TAIR description(s),NULL / Representative annotation below 0.1%,NULL / Representative annotation below 0.1%,NULL / Representative annotation below 0.1%,5
Pn13.2009,4220,myb domain protein 85 ,myb domain protein 42 ,Myb_DNA-binding ,chromatin binding ,NULL / Representative annotation below 0.1%,3
Pn13.228,1848,F-box family protein ,Unkown protein(s) / No TAIR description(s),DUF295 ,protein binding ,NULL / Representative annotation below 0.1%,2
Pn13.887,4532,Plant invertase/pectin methylesterase inhibitor superfamily ,methylesterase PCR A,Pectinesterase ,pectinesterase activity ,cell wall modification (GO:0042545) [1.000],4
Pn14.132,1822,Nucleotide-sugar transporter family protein ,Nucleotide-sugar transporter family protein ,TPT ,NULL / Representative annotation below 0.1%,transmembrane transport (GO:0055085) [0.036],2
Pn14.1524,777,adenine phosphoribosyltransferase 5 ,adenine phosphoribosyl transferase 4 ,Pribosyltran ,NULL / Representative annotation below 0.1%,nucleoside metabolic process (GO:0009116) [1.000],5
Pn14.249,366,lipid phosphate phosphatase 3 ,Phosphatidic acid phosphatase (PAP2) family protein ,PAP2 ,catalytic activity ,NULL / Representative annotation below 0.1%,4
Pn14.313,2190,LL-diaminopimelate aminotransferase ,AGD2-like defense response protein 1 ,Aminotran_1_2 ,pyridoxal phosphate binding ,biosynthetic process (GO:0009058) [1.000],3
Pn14.481,3714,Unkown protein / Representative AHRD below 0.1%,Unkown protein(s) / No TAIR description(s),DUF4228 ,NULL / Representative annotation below 0.1%,NULL / Representative annotation below 0.1%,2
Pn14.651,1360,5'-nucleotidase SurE ,Survival protein SurE-like phosphatase/nucleotidase,SurE ,hydrolase activity ,NULL / Representative annotation below 0.1%,1
Pn14.653,1360,5'-nucleotidase SurE ,Survival protein SurE-like phosphatase/nucleotidase,SurE ,hydrolase activity ,NULL / Representative annotation below 0.1%,1
Pn14.664,96,Non-specific lipid-transfer protein ,Bifunctional inhibitor/lipid-transfer protein/seed storage 2S albumin superfamily protein ,Tryp_alpha_amyl ,NULL / Representative annotation below 0.1%,NULL / Representative annotation below 0.1%,4
Pn14.740,194,Glucose-methanol-choline (GMC) oxidoreductase family protein ,Glucose-methanol-choline (GMC) oxidoreductase family protein ,GMC_oxred_C ,flavin adenine dinucleotide binding ,oxidation-reduction process (GO:0055114) [0.592] | transmembrane transport (GO:0055085) [0.395],1
Pn14.976,895,3-hydroxy-3-methylglutaryl-coenzyme A reductase 1 ,3-hydroxy-3-methylglutaryl-CoA reductase 2 ,HMG-CoA_red ,hydroxymethylglutaryl-CoA reductase ,oxidation-reduction process (GO:0055114) [1.000] | coenzyme A metabolic process (GO:0015936) [1.000],4
Pn15.1052,2517,Enoyl-,NAD(P)-binding Rossmann-fold superfamily protein,adh_short_C2 ,NULL / Representative annotation below 0.1%,NULL / Representative annotation below 0.1%,4
Pn15.1074,2517,Enoyl-,NAD(P)-binding Rossmann-fold superfamily protein,adh_short_C2 ,NULL / Representative annotation below 0.1%,NULL / Representative annotation below 0.1%,4
Pn15.1114,11047,myb domain protein 26 ,myb domain protein 26,Myb_DNA-binding ,chromatin binding ,NULL / Representative annotation below 0.1%,3
Pn15.1789,2878,Unkown protein / Representative AHRD below 0.1%,Unkown protein(s) / No TAIR description(s),NULL / Representative annotation below 0.1%,NULL / Representative annotation below 0.1%,NULL / Representative annotation below 0.1%,4
Pn15.1931,615,Histone superfamily protein ,Histone superfamily protein,Histone ,DNA binding ,NULL / Representative annotation below 0.1%,2
Pn15.1979,32,Subtilase family protein ,Subtilase family protein ,Peptidase_S8 ,serine-type endopeptidase activity ,"proteolysis (GO:0006508) [0.994] | negative regulation of catalytic activity (GO:0043086) [0.888] | translation (GO:0006412) [0.002] | transport (GO:0006810) [0.002] | transcription, DNA-templated (GO:0006351) [0.002]",2
Pn15.1982,782,Histone H2B ,Histone superfamily protein ,Histone ,DNA binding ,NULL / Representative annotation below 0.1%,2
Pn15.2093,2233,Protein kinase superfamily protein ,Protein kinase superfamily protein,Pkinase_Tyr ,protein kinase activity ,protein phosphorylation (GO:0006468) [0.980],6
Pn15.2190,8980,Pollen Ole e 1 allergen and extensin family protein ,Pollen Ole e 1 allergen and extensin family protein,Pollen_Ole_e_I ,NULL / Representative annotation below 0.1%,NULL / Representative annotation below 0.1%,2
Pn15.2457,1638,ribose-5-phosphate isomerase 2 ,"Ribose 5-phosphate isomerase, type A protein ",Rib_5-P_isom_A ,ribose-5-phosphate isomerase activity ,"pentose-phosphate shunt, non-oxidative branch (GO:0009052) [1.000] | transmembrane transport (GO:0055085) [0.017]",2
Pn15.2494,10030,FAD-binding Berberine family protein ,Unkown protein(s) / No TAIR description(s),BBE ,flavin adenine dinucleotide binding ,oxidation-reduction process (GO:0055114) [1.000],2
Pn15.2498,4931,Adenylate isopentenyltransferase ,isopentenyltransferase 1 ,IPPT ,ATP binding ,tRNA processing (GO:0008033) [1.000] | biosynthetic process (GO:0009058) [0.031],6
Pn15.2500,10659,RING/U-box superfamily protein ,RING/U-box superfamily protein,zf-RING_2 ,protein binding ,NULL / Representative annotation below 0.1%,2
Pn15.2585,96,Non-specific lipid-transfer protein ,Bifunctional inhibitor/lipid-transfer protein/seed storage 2S albumin superfamily protein ,Tryp_alpha_amyl ,NULL / Representative annotation below 0.1%,NULL / Representative annotation below 0.1%,4
Pn15.620,8377,NDH-dependent cyclic electron flow 5 ,NDH-dependent cyclic electron flow 5,Aldose_epim ,isomerase activity ,carbohydrate metabolic process (GO:0005975) [0.042],1
Pn15.720,907,ABC-2 type transporter family protein ,Thiamin diphosphate-binding fold (THDP-binding) superfamily protein ,E1_dh ,"oxidoreductase activity, acting on the aldehyde or oxo group of donors, disulfide as acceptor ",metabolic process (GO:0008152) [0.590],4
Pn15.800,3841,Unkown protein / Representative AHRD below 0.1%,Unkown protein(s) / No TAIR description(s),NULL / Representative annotation below 0.1%,NULL / Representative annotation below 0.1%,NULL / Representative annotation below 0.1%,4
Pn15.841,4112,Uncharacterised conserved protein (UCP012943) ,Uncharacterised conserved protein (UCP012943),NULL / Representative annotation below 0.1%,NULL / Representative annotation below 0.1%,NULL / Representative annotation below 0.1%,1
Pn15.874,4112,Uncharacterised conserved protein (UCP012943) ,Uncharacterised conserved protein (UCP012943),NULL / Representative annotation below 0.1%,NULL / Representative annotation below 0.1%,NULL / Representative annotation below 0.1%,1
Pn16.1019,308,polyubiquitin 10 ,ubiquitin 11 ,ubiquitin ,protein binding ,NULL / Representative annotation below 0.1%,2
Pn16.1198,706,4-coumarate:CoA ligase 2 ,AMP-dependent synthetase and ligase family protein ,AMP-binding ,catalytic activity ,metabolic process (GO:0008152) [1.000] | oxidation-reduction process (GO:0055114) [0.012] | response to oxidative stress (GO:0006979) [0.012],3
Pn16.1236,706,4-coumarate:CoA ligase 2 ,AMP-dependent synthetase and ligase family protein ,AMP-binding ,catalytic activity ,metabolic process (GO:0008152) [1.000] | oxidation-reduction process (GO:0055114) [0.012] | response to oxidative stress (GO:0006979) [0.012],3
Pn16.1237,706,4-coumarate:CoA ligase 2 ,AMP-dependent synthetase and ligase family protein ,AMP-binding ,catalytic activity ,metabolic process (GO:0008152) [1.000] | oxidation-reduction process (GO:0055114) [0.012] | response to oxidative stress (GO:0006979) [0.012],3
Pn16.1351,253,Disease resistance protein (CC-NBS-LRR class) family ,Unkown protein(s) / No TAIR description(s),NB-ARC ,ADP binding ,protein phosphorylation (GO:0006468) [0.022] | trehalose biosynthetic process (GO:0005992) [0.007],3
Pn16.1933,95,Terpenoid cyclases/Protein prenyltransferases superfamily protein ,Terpenoid cyclases/Protein prenyltransferases superfamily protein ,Terpene_synth_C ,magnesium ion binding ,metabolic process (GO:0008152) [0.838] | oxidation-reduction process (GO:0055114) [0.004] | response to oxidative stress (GO:0006979) [0.004],3
Pn16.616,361,Auxin transporter-like protein 2 ,like AUXIN RESISTANT 2 ,Aa_trans ,NULL / Representative annotation below 0.1%,NULL / Representative annotation below 0.1%,1
Pn16.847,8488,Unkown protein / Representative AHRD below 0.1%,Unkown protein(s) / No TAIR description(s),NULL / Representative annotation below 0.1%,NULL / Representative annotation below 0.1%,NULL / Representative annotation below 0.1%,4
Pn16.873,3292,response regulator 1 ,Homeodomain-like superfamily protein,Myb_DNA-binding ,chromatin binding ,NULL / Representative annotation below 0.1%,5
Pn16.933,824,3-oxoacyl-,3-ketoacyl-acyl carrier protein synthase I ,ketoacyl-synt ,ATP binding ,DNA replication (GO:0006260) [0.321],4
Pn16.934,824,3-oxoacyl-,3-ketoacyl-acyl carrier protein synthase I ,ketoacyl-synt ,ATP binding ,DNA replication (GO:0006260) [0.321],3
Pn17.1004,5949,Abscisic acid receptor PYR1 ,Polyketide cyclase/dehydrase and lipid transport superfamily protein ,Polyketide_cyc2 ,NULL / Representative annotation below 0.1%,NULL / Representative annotation below 0.1%,3
Pn17.1054,2212,AP2/B3 transcription factor family protein ,AP2/B3-like transcriptional factor family protein,B3 ,DNA binding ,NULL / Representative annotation below 0.1%,2
Pn17.1121,2288,"Granule-bound starch synthase 1, chloroplastic/amyloplastic ",UDP-Glycosyltransferase superfamily protein,Glyco_transf_5 ,NULL / Representative annotation below 0.1%,biosynthetic process (GO:0009058) [0.960],3
Pn17.1152,545,Protein YABBY 2 ,Plant-specific transcription factor YABBY family protein ,YABBY ,NULL / Representative annotation below 0.1%,NULL / Representative annotation below 0.1%,5
Pn17.1327,15930,Unkown protein / Representative AHRD below 0.1%,Unkown protein(s) / No TAIR description(s),NULL / Representative annotation below 0.1%,NULL / Representative annotation below 0.1%,NULL / Representative annotation below 0.1%,1
Pn17.144,50,Disease resistance protein (CC-NBS-LRR class) family ,NB-ARC domain-containing disease resistance protein,NB-ARC ,ADP binding ,chlorophyll catabolic process (GO:0015996) [0.003],4
Pn17.16,268,Potassium channel AKT1 ,K+ transporter 1 ,cNMP_binding ,ion channel activity ,ion transport (GO:0006811) [0.955] | transmembrane transport (GO:0055085) [0.955],3
Pn17.207,4982,Unkown protein / Representative AHRD below 0.1%,Unkown protein(s) / No TAIR description(s),NULL / Representative annotation below 0.1%,NULL / Representative annotation below 0.1%,NULL / Representative annotation below 0.1%,4
Pn17.24,79,3-ketoacyl-CoA synthase 11 ,3-ketoacyl-CoA synthase 4 ,FAE1_CUT1_RppA ,"transferase activity, transferring acyl groups other than amino-acyl groups ",fatty acid biosynthetic process (GO:0006633) [1.000] | lipid biosynthetic process (GO:0008610) [0.960],5
Pn17.308,1324,Rhodanese/Cell cycle control phosphatase superfamily protein ,Rhodanese/Cell cycle control phosphatase superfamily protein ,Rhodanese ,protein binding ,NULL / Representative annotation below 0.1%,3
Pn17.461,1244,HMG (high mobility group) box protein with ARID/BRIGHT DNA-binding domain ,HMG (high mobility group) box protein with ARID/BRIGHT DNA-binding domain,HMG_box ,DNA binding ,NULL / Representative annotation below 0.1%,1
Pn17.517,985,2-oxoglutarate (2OG) and Fe(II)-dependent oxygenase superfamily protein ,2-oxoglutarate (2OG) and Fe(II)-dependent oxygenase superfamily protein,2OG-FeII_Oxy ,"oxidoreductase activity, acting on paired donors, with incorporation or reduction of molecular oxygen, 2-oxoglutarate as one donor, and incorporation of one atom each of oxygen into both donors ",oxidation-reduction process (GO:0055114) [1.000],3
Pn17.571,1897,Ovarian cancer-associated gene 2 protein homolog ,alpha/beta-Hydrolases superfamily protein,FSH1 ,calcium ion binding ,NULL / Representative annotation below 0.1%,3
Pn17.758,32,Subtilase family protein ,Subtilase family protein ,Peptidase_S8 ,serine-type endopeptidase activity ,"proteolysis (GO:0006508) [0.994] | negative regulation of catalytic activity (GO:0043086) [0.888] | translation (GO:0006412) [0.002] | transport (GO:0006810) [0.002] | transcription, DNA-templated (GO:0006351) [0.002]",4
Pn17.815,2456,Mechanosensitive ion channel family protein ,mechanosensitive channel of small conductance-like 10 ,MS_channel ,NULL / Representative annotation below 0.1%,transmembrane transport (GO:0055085) [0.979],1
Pn17.860,4898,tRNA (cytosine(34)-C(5))-methyltransferase ,S-adenosyl-L-methionine-dependent methyltransferases superfamily protein,Nol1_Nop2_Fmu ,NULL / Representative annotation below 0.1%,NULL / Representative annotation below 0.1%,2
Pn17.999,4217,Predicted AT-hook DNA-binding family protein ,Predicted AT-hook DNA-binding family protein,DUF296 ,NULL / Representative annotation below 0.1%,NULL / Representative annotation below 0.1%,4
Pn18.1179,2557,BEST Arabidopsis thaliana protein match is: transcription regulators . ,Unkown protein(s) / No TAIR description(s),ACT ,amino acid binding ,metabolic process (GO:0008152) [0.106],3
Pn18.1213,3839,Acyl-CoA dehydrogenase ,acyl-CoA oxidase 4,Acyl-CoA_dh_1 ,"oxidoreductase activity, acting on the CH-CH group of donors ",metabolic process (GO:0008152) [1.000] | oxidation-reduction process (GO:0055114) [1.000],3
Pn18.1215,3839,Acyl-CoA dehydrogenase ,acyl-CoA oxidase 4,Acyl-CoA_dh_1 ,"oxidoreductase activity, acting on the CH-CH group of donors ",metabolic process (GO:0008152) [1.000] | oxidation-reduction process (GO:0055114) [1.000],4
Pn18.1297,6172,F-box/kelch-repeat protein SKIP25 ,KAR-UP F-box 1,Kelch_6 ,protein binding ,NULL / Representative annotation below 0.1%,2
Pn18.1326,2978,formin homology 1 ,formin homology 1,FH2 ,NULL / Representative annotation below 0.1%,NULL / Representative annotation below 0.1%,1
Pn18.411,1334,"1,4-alpha-glucan-branching enzyme ",starch branching enzyme 2.1 ,Alpha-amylase ,cation binding ,carbohydrate metabolic process (GO:0005975) [1.000],3
Pn18.48,4373,Transmembrane protein 45B ,Family of unknown function (DUF716) ,DUF716 ,NULL / Representative annotation below 0.1%,NULL / Representative annotation below 0.1%,3
Pn18.696,2961,phosphofructokinase 5 ,phosphofructokinase 5,PFK ,6-phosphofructokinase activity ,glycolysis (GO:0006096) [1.000],2
Pn18.957,16040,"cytochrome P450, family 82, subfamily C, polypeptide 4 ",Unkown protein(s) / No TAIR description(s),p450 ,iron ion binding ,oxidation-reduction process (GO:0055114) [1.000],6
Pn19.1046,1136,Heat stress transcription factor A-2 ,heat shock transcription factor  A6B ,HSF_DNA-bind ,sequence-specific DNA binding ,"regulation of transcription, DNA-templated (GO:0006355) [1.000]",4
Pn19.263,13425,Cyclopropane mycolic acid synthase 1 ,Unkown protein(s) / No TAIR description(s),CMAS ,NULL / Representative annotation below 0.1%,lipid biosynthetic process (GO:0008610) [1.000],3
Pn19.407,311,"cytochrome P450, family 78, subfamily A, polypeptide 6 ",cytochrome p450 78a9 ,p450 ,iron ion binding ,oxidation-reduction process (GO:0055114) [1.000],5
Pn19.603,1522,Auxin-responsive protein IAA17 ,indole-3-acetic acid 7 ,AUX_IAA ,NULL / Representative annotation below 0.1%,"regulation of transcription, DNA-templated (GO:0006355) [1.000]",1
Pn19.604,1522,Auxin-responsive protein IAA17 ,indole-3-acetic acid 7 ,AUX_IAA ,NULL / Representative annotation below 0.1%,"regulation of transcription, DNA-templated (GO:0006355) [1.000]",1
Pn19.839,1682,"Early light-induced protein 1, chloroplastic ",Chlorophyll A-B binding family protein,Chloroa_b-bind ,NULL / Representative annotation below 0.1%,NULL / Representative annotation below 0.1%,2
Pn19.958,11402,serine carboxypeptidase-like 46 ,Unkown protein(s) / No TAIR description(s),Peptidase_S10 ,serine-type carboxypeptidase activity ,proteolysis (GO:0006508) [1.000],3
Pn2.1098,6556,allantoate amidohydrolase ,allantoate amidohydrolase,Peptidase_M20 ,hydrolase activity ,metabolic process (GO:0008152) [1.000],4
Pn2.1141,2034,Pathogenesis-related thaumatin superfamily protein ,osmotin 34,Thaumatin ,fatty-acyl-CoA reductase ,NULL / Representative annotation below 0.1%,5
Pn2.1240,2034,Pathogenesis-related thaumatin superfamily protein ,osmotin 34,Thaumatin ,fatty-acyl-CoA reductase ,NULL / Representative annotation below 0.1%,3
Pn2.1301,6535,myb domain protein 67 ,myb domain protein 67,Myb_DNA-binding ,chromatin binding ,NULL / Representative annotation below 0.1%,4
Pn2.1324,257,Unkown protein / Representative AHRD below 0.1%,"Protein of unknown function, DUF584",Senescence_reg ,NULL / Representative annotation below 0.1%,NULL / Representative annotation below 0.1%,3
Pn2.1386,7191,Remorin family protein ,Remorin family protein ,Remorin_C ,protein dimerization activity ,NULL / Representative annotation below 0.1%,1
Pn2.1388,9132,nodulin-related protein 1 ,nodulin-related protein 1,NULL / Representative annotation below 0.1%,NULL / Representative annotation below 0.1%,NULL / Representative annotation below 0.1%,2
Pn2.2154,1638,ribose-5-phosphate isomerase 2 ,"Ribose 5-phosphate isomerase, type A protein ",Rib_5-P_isom_A ,ribose-5-phosphate isomerase activity ,"pentose-phosphate shunt, non-oxidative branch (GO:0009052) [1.000] | transmembrane transport (GO:0055085) [0.017]",2
Pn2.2166,8581,Unkown protein / Representative AHRD below 0.1%,Unkown protein(s) / No TAIR description(s),NULL / Representative annotation below 0.1%,NULL / Representative annotation below 0.1%,NULL / Representative annotation below 0.1%,1
Pn2.2273,334,Cyclin A1;1 ,Cyclin A1;1 ,Cyclin_N ,NULL / Representative annotation below 0.1%,NULL / Representative annotation below 0.1%,6
Pn2.2323,3719,early nodulin-like protein 4 ,early nodulin-like protein 3 ,Cu_bind_like ,copper ion binding ,NULL / Representative annotation below 0.1%,3
Pn2.2363,15983,Unkown protein / Representative AHRD below 0.1%,Unkown protein(s) / No TAIR description(s),NULL / Representative annotation below 0.1%,NULL / Representative annotation below 0.1%,NULL / Representative annotation below 0.1%,4
Pn2.2373,95,Terpenoid cyclases/Protein prenyltransferases superfamily protein ,Terpenoid cyclases/Protein prenyltransferases superfamily protein ,Terpene_synth_C ,magnesium ion binding ,metabolic process (GO:0008152) [0.838] | oxidation-reduction process (GO:0055114) [0.004] | response to oxidative stress (GO:0006979) [0.004],3
Pn2.2377,95,Terpenoid cyclases/Protein prenyltransferases superfamily protein ,Terpenoid cyclases/Protein prenyltransferases superfamily protein ,Terpene_synth_C ,magnesium ion binding ,metabolic process (GO:0008152) [0.838] | oxidation-reduction process (GO:0055114) [0.004] | response to oxidative stress (GO:0006979) [0.004],3
Pn2.2426,1765,Basic-leucine zipper (bZIP) transcription factor family protein ,Basic-leucine zipper (bZIP) transcription factor family protein,bZIP_2 ,sequence-specific DNA binding ,"regulation of transcription, DNA-templated (GO:0006355) [1.000]",1
Pn2.2436,1765,Basic-leucine zipper (bZIP) transcription factor family protein ,Basic-leucine zipper (bZIP) transcription factor family protein,bZIP_2 ,sequence-specific DNA binding ,"regulation of transcription, DNA-templated (GO:0006355) [1.000]",1
Pn2.2491,207,Transducin/WD40 repeat-like superfamily protein ,Transducin/WD40 repeat-like superfamily protein,WD40 ,protein binding ,proteolysis (GO:0006508) [0.007],1
Pn2.2537,5574,basic helix-loop-helix (bHLH) DNA-binding superfamily protein ,basic helix-loop-helix (bHLH) DNA-binding superfamily protein,HLH ,protein dimerization activity ,NULL / Representative annotation below 0.1%,1
Pn2.2541,2532,Unkown protein / Representative AHRD below 0.1%,Unkown protein(s) / No TAIR description(s),AvrRpt-cleavage ,NULL / Representative annotation below 0.1%,NULL / Representative annotation below 0.1%,2
Pn2.2702,1026,WRKY DNA-binding protein 30 ,WRKY family transcription factor ,WRKY ,sequence-specific DNA binding ,"regulation of transcription, DNA-templated (GO:0006355) [1.000]",1
Pn2.2759,1537,3-ketoacyl-CoA synthase 12 ,3-ketoacyl-CoA synthase 19 ,FAE1_CUT1_RppA ,"transferase activity, transferring acyl groups other than amino-acyl groups ",fatty acid biosynthetic process (GO:0006633) [0.967] | lipid biosynthetic process (GO:0008610) [0.950],1
Pn2.2887,21319,S-adenosyl-L-methionine-dependent methyltransferases superfamily protein ,Unkown protein(s) / No TAIR description(s),Methyltransf_7 ,methyltransferase activity ,NULL / Representative annotation below 0.1%,4
Pn2.2952,3882,NAC domain containing protein 38 ,NAC domain containing protein 38,NAM ,DNA binding ,"regulation of transcription, DNA-templated (GO:0006355) [1.000]",1
Pn2.379,11177,"50S ribosomal protein 6, chloroplastic ",plastid-specific 50S ribosomal protein 6,NULL / Representative annotation below 0.1%,NULL / Representative annotation below 0.1%,NULL / Representative annotation below 0.1%,1
Pn2.469,2048,MATE efflux family protein ,MATE efflux family protein,MatE ,drug transmembrane transporter activity ,drug transmembrane transport (GO:0006855) [1.000] | transmembrane transport (GO:0055085) [1.000],5
Pn2.555,7364,RmlC-like cupins superfamily protein ,RmlC-like cupins superfamily protein,Cupin_1 ,nutrient reservoir activity ,NULL / Representative annotation below 0.1%,3
Pn2.648,317,S-adenosyl-L-methionine-dependent methyltransferases superfamily protein ,S-adenosyl-L-methionine-dependent methyltransferases superfamily protein,Methyltransf_7 ,methyltransferase activity ,NULL / Representative annotation below 0.1%,5
Pn2.667,10592,Unkown protein / Representative AHRD below 0.1%,Protein of unknown function (DUF179),DUF179 ,NULL / Representative annotation below 0.1%,NULL / Representative annotation below 0.1%,1
Pn2.868,7191,Remorin family protein ,Remorin family protein ,Remorin_C ,protein dimerization activity ,NULL / Representative annotation below 0.1%,1
Pn2.987,7191,Remorin family protein ,Remorin family protein ,Remorin_C ,protein dimerization activity ,NULL / Representative annotation below 0.1%,1
Pn20.401,1798,pinoresinol reductase 1 ,NmrA-like negative transcriptional regulator family protein ,NmrA ,NULL / Representative annotation below 0.1%,NULL / Representative annotation below 0.1%,3
Pn20.726,416,Unkown protein / Representative AHRD below 0.1%,Protein of unknown function (DUF 3339),DUF3339 ,NULL / Representative annotation below 0.1%,NULL / Representative annotation below 0.1%,3
Pn20.749,580,Bidirectional sugar transporter N3 ,Nodulin MtN3 family protein ,MtN3_slv ,NULL / Representative annotation below 0.1%,NULL / Representative annotation below 0.1%,5
Pn21.1198,52,Wall-associated receptor kinase 2 ,Wall-associated kinase family protein ,GUB_WAK_bind ,protein kinase activity ,protein phosphorylation (GO:0006468) [0.859] | cell wall macromolecule catabolic process (GO:0016998) [0.014],1
Pn21.1229,2366,Bifunctional aspartokinase/homoserine dehydrogenase 1 ,aspartate kinase 3 ,AA_kinase ,amino acid binding ,metabolic process (GO:0008152) [0.592],4
Pn21.1344,443,Chalcone synthase 2 ,Chalcone and stilbene synthase family protein,Chal_sti_synt_N ,"transferase activity, transferring acyl groups ",biosynthetic process (GO:0009058) [1.000],3
Pn21.323,126,"Beta-1,3-N-Acetylglucosaminyltransferase family protein ","Beta-1,3-N-Acetylglucosaminyltransferase family protein ",PMD ,hydrolase activity ,NULL / Representative annotation below 0.1%,2
Pn21.349,698,"nuclear factor Y, subunit C9 ","nuclear factor Y, subunit C9 ",CBFD_NFYB_HMF ,sequence-specific DNA binding ,protein targeting (GO:0006605) [0.011] | intracellular protein transport (GO:0006886) [0.011],1
Pn21.428,25,ABC transporter family protein ,ABC transporter family protein ,ABC_membrane ,ATP binding ,"transport (GO:0006810) [0.998] | transmembrane transport (GO:0055085) [0.998] | regulation of transcription, DNA-templated (GO:0006355) [0.002]",4
Pn21.461,10318,zinc finger protein 4 ,C2H2-like zinc finger protein,NULL / Representative annotation below 0.1%,NULL / Representative annotation below 0.1%,NULL / Representative annotation below 0.1%,4
Pn21.518,177,phosphate transporter 1;7 ,phosphate transporter 1;1 ,Sugar_tr ,transmembrane transporter activity ,transmembrane transport (GO:0055085) [1.000],4
Pn21.574,3136,embryo sac development arrest 6 ,embryo sac development arrest 6,NULL / Representative annotation below 0.1%,NULL / Representative annotation below 0.1%,NULL / Representative annotation below 0.1%,2
Pn21.630,1191,"Glyceraldehyde-3-phosphate dehydrogenase, cytosolic ",glyceraldehyde-3-phosphate dehydrogenase C subunit 1 ,Gp_dh_N ,"oxidoreductase activity, acting on the aldehyde or oxo group of donors, NAD or NADP as acceptor ",oxidation-reduction process (GO:0055114) [1.000],3
Pn21.747,3048,Leucine-rich repeat protein kinase family protein ,Leucine-rich repeat protein kinase family protein,LRRNT_2 ,protein kinase activity ,protein phosphorylation (GO:0006468) [1.000],1
Pn21.835,158,cellulose synthase like E1 ,cellulose synthase like G1 ,Cellulose_synt ,cellulose synthase ,"cellulose biosynthetic process (GO:0030244) [1.000] | transport (GO:0006810) [0.006] | transcription, DNA-templated (GO:0006351) [0.006]",2
Pn21.860,14186,Unkown protein / Representative AHRD below 0.1%,Unkown protein(s) / No TAIR description(s),NULL / Representative annotation below 0.1%,NULL / Representative annotation below 0.1%,NULL / Representative annotation below 0.1%,3
Pn21.953,1492,Unkown protein / Representative AHRD below 0.1%,Unkown protein(s) / No TAIR description(s),SEO_N ,NULL / Representative annotation below 0.1%,NULL / Representative annotation below 0.1%,2
Pn22.190,303,homeobox protein 22 ,homeobox protein 24 ,ZF-HD_dimer ,NULL / Representative annotation below 0.1%,NULL / Representative annotation below 0.1%,2
Pn22.424,2738,AMP-dependent synthetase and ligase family protein ,AMP-dependent synthetase and ligase family protein ,AMP-binding ,catalytic activity ,metabolic process (GO:0008152) [1.000],3
Pn22.492,2165,Copper amine oxidase family protein ,Copper amine oxidase family protein,Cu_amine_oxid ,quinone binding ,amine metabolic process (GO:0009308) [1.000] | oxidation-reduction process (GO:0055114) [1.000],3
Pn22.496,295,cinnamyl alcohol dehydrogenase 9 ,elicitor-activated gene 3-1 ,ADH_N ,oxidoreductase activity ,oxidation-reduction process (GO:0055114) [1.000],3
Pn22.675,6401,"Naringenin,2-oxoglutarate 3-dioxygenase ",flavanone 3-hydroxylase,2OG-FeII_Oxy ,"oxidoreductase activity, acting on paired donors, with incorporation or reduction of molecular oxygen, 2-oxoglutarate as one donor, and incorporation of one atom each of oxygen into both donors ",oxidation-reduction process (GO:0055114) [1.000],2
Pn22.747,2165,Copper amine oxidase family protein ,Copper amine oxidase family protein,Cu_amine_oxid ,quinone binding ,amine metabolic process (GO:0009308) [1.000] | oxidation-reduction process (GO:0055114) [1.000],3
Pn22.750,295,cinnamyl alcohol dehydrogenase 9 ,elicitor-activated gene 3-1 ,ADH_N ,oxidoreductase activity ,oxidation-reduction process (GO:0055114) [1.000],5
Pn22.813,1334,"1,4-alpha-glucan-branching enzyme ",starch branching enzyme 2.1 ,Alpha-amylase ,cation binding ,carbohydrate metabolic process (GO:0005975) [1.000],4
Pn22.833,5412,BAG family molecular chaperone regulator 2 ,Ubiquitin-like superfamily protein,ubiquitin ,protein binding ,NULL / Representative annotation below 0.1%,3
Pn22.856,5806,Heavy metal transport/detoxification superfamily protein ,Copper transport protein family,HMA ,metal ion binding ,metal ion transport (GO:0030001) [0.567],3
Pn22.966,36,Potassium transporter family protein ,Potassium transporter family protein ,K_trans ,potassium ion transmembrane transporter activity ,"potassium ion transmembrane transport (GO:0071805) [0.936] | regulation of transcription, DNA-templated (GO:0006355) [0.039] | protein phosphorylation (GO:0006468) [0.002]",4
Pn23.136,6875,histone H1-3 ,winged-helix DNA-binding transcription factor family protein,Linker_histone ,DNA binding ,nucleosome assembly (GO:0006334) [1.000],2
Pn23.257,95,Terpenoid cyclases/Protein prenyltransferases superfamily protein ,Terpenoid cyclases/Protein prenyltransferases superfamily protein ,Terpene_synth_C ,magnesium ion binding ,metabolic process (GO:0008152) [0.838] | oxidation-reduction process (GO:0055114) [0.004] | response to oxidative stress (GO:0006979) [0.004],3
Pn23.267,95,Terpenoid cyclases/Protein prenyltransferases superfamily protein ,Terpenoid cyclases/Protein prenyltransferases superfamily protein ,Terpene_synth_C ,magnesium ion binding ,metabolic process (GO:0008152) [0.838] | oxidation-reduction process (GO:0055114) [0.004] | response to oxidative stress (GO:0006979) [0.004],3
Pn23.268,95,Terpenoid cyclases/Protein prenyltransferases superfamily protein ,Terpenoid cyclases/Protein prenyltransferases superfamily protein ,Terpene_synth_C ,magnesium ion binding ,metabolic process (GO:0008152) [0.838] | oxidation-reduction process (GO:0055114) [0.004] | response to oxidative stress (GO:0006979) [0.004],3
Pn23.272,95,Terpenoid cyclases/Protein prenyltransferases superfamily protein ,Terpenoid cyclases/Protein prenyltransferases superfamily protein ,Terpene_synth_C ,magnesium ion binding ,metabolic process (GO:0008152) [0.838] | oxidation-reduction process (GO:0055114) [0.004] | response to oxidative stress (GO:0006979) [0.004],3
Pn23.281,95,Terpenoid cyclases/Protein prenyltransferases superfamily protein ,Terpenoid cyclases/Protein prenyltransferases superfamily protein ,Terpene_synth_C ,magnesium ion binding ,metabolic process (GO:0008152) [0.838] | oxidation-reduction process (GO:0055114) [0.004] | response to oxidative stress (GO:0006979) [0.004],4
Pn23.303,1029,Fatty acyl-CoA reductase 3 ,fatty acid reductase 8 ,NAD_binding_4 ,fatty-acyl-CoA reductase ,NULL / Representative annotation below 0.1%,3
Pn23.339,1029,Fatty acyl-CoA reductase 3 ,fatty acid reductase 8 ,NAD_binding_4 ,fatty-acyl-CoA reductase ,NULL / Representative annotation below 0.1%,3
Pn23.455,330,Glutaredoxin family protein ,Glutaredoxin family protein ,Glutaredoxin ,electron carrier activity ,cell redox homeostasis (GO:0045454) [0.712] | vesicle-mediated transport (GO:0016192) [0.280],2
Pn23.54,8229,Unkown protein / Representative AHRD below 0.1%,Unkown protein(s) / No TAIR description(s),NULL / Representative annotation below 0.1%,NULL / Representative annotation below 0.1%,NULL / Representative annotation below 0.1%,3
Pn24.41,349,Calcium-binding EF-hand family protein ,Calcium-binding EF-hand family protein ,EF-hand_8 ,chromatin binding ,NULL / Representative annotation below 0.1%,2
Pn24.624,10745,Unkown protein / Representative AHRD below 0.1%,Unkown protein(s) / No TAIR description(s),DUF4079 ,NULL / Representative annotation below 0.1%,NULL / Representative annotation below 0.1%,1
Pn24.683,278,Unkown protein / Representative AHRD below 0.1%,Unkown protein(s) / No TAIR description(s),DUF247 ,NULL / Representative annotation below 0.1%,NULL / Representative annotation below 0.1%,1
Pn24.79,5445,Late embryogenesis abundant (LEA) hydroxyproline-rich glycoprotein family ,Late embryogenesis abundant (LEA) hydroxyproline-rich glycoprotein family,LEA_2 ,NULL / Representative annotation below 0.1%,NULL / Representative annotation below 0.1%,1
Pn26.121,1924,basic helix-loop-helix (bHLH) DNA-binding superfamily protein ,basic helix-loop-helix (bHLH) DNA-binding superfamily protein,HLH ,protein dimerization activity ,RNA-dependent DNA replication (GO:0006278) [0.019],4
Pn26.260,6706,NAD(P)-binding Rossmann-fold superfamily protein ,NAD(P)-binding Rossmann-fold superfamily protein,Epimerase ,coenzyme binding ,cellular metabolic process (GO:0044237) [1.000],3
Pn26.34,10568,Late embryogenesis abundant (LEA) hydroxyproline-rich glycoprotein family ,Late embryogenesis abundant (LEA) hydroxyproline-rich glycoprotein family,LEA_2 ,NULL / Representative annotation below 0.1%,NULL / Representative annotation below 0.1%,4
Pn26.37,985,2-oxoglutarate (2OG) and Fe(II)-dependent oxygenase superfamily protein ,2-oxoglutarate (2OG) and Fe(II)-dependent oxygenase superfamily protein,2OG-FeII_Oxy ,"oxidoreductase activity, acting on paired donors, with incorporation or reduction of molecular oxygen, 2-oxoglutarate as one donor, and incorporation of one atom each of oxygen into both donors ",oxidation-reduction process (GO:0055114) [1.000],3
Pn26.39,5943,basic helix-loop-helix (bHLH) DNA-binding superfamily protein ,basic helix-loop-helix (bHLH) DNA-binding superfamily protein,HLH ,protein dimerization activity ,NULL / Representative annotation below 0.1%,1
Pn26.448,723,FASCICLIN-like arabinogalactan-protein 11 ,FASCICLIN-like arabinogalactan-protein 11 ,Fasciclin ,NULL / Representative annotation below 0.1%,NULL / Representative annotation below 0.1%,2
Pn26.699,67,C2 calcium/lipid-binding plant phosphoribosyltransferase family protein ,C2 calcium/lipid-binding plant phosphoribosyltransferase family protein ,C2 ,protein binding ,oxidation-reduction process (GO:0055114) [0.003] | response to oxidative stress (GO:0006979) [0.003],2
Pn26.718,39090,Wound-responsive family protein ,Unkown protein(s) / No TAIR description(s),DUF3774 ,NULL / Representative annotation below 0.1%,NULL / Representative annotation below 0.1%,1
Pn26.738,4523,"Oxygen-evolving enhancer protein 3-1, chloroplastic ",PsbQ-like 1,PsbQ ,calcium ion binding ,photosynthesis (GO:0015979) [1.000],1
Pn26.76,1049,Heavy metal transport/detoxification superfamily protein ,Heavy metal transport/detoxification superfamily protein  ,HMA ,metal ion binding ,metal ion transport (GO:0030001) [0.904],5
Pn27.105,2796,DNA-directed RNA polymerase subunit alpha ,RNA polymerase subunit alpha ,RNA_pol_L ,DNA-directed RNA polymerase activity ,"transcription, DNA-templated (GO:0006351) [0.622] | translation (GO:0006412) [0.489]",6
Pn27.110,8825,"ATP synthase subunit c, chloroplastic ",ATP synthase subunit C family protein,ATP-synt_C ,hydrogen ion transmembrane transporter activity ,ATP hydrolysis coupled proton transport (GO:0015991) [0.625],6
Pn27.123,5200,Apocytochrome f ,CemA-like proton extrusion protein-related ,Apocytochr_F_C ,iron ion binding ,photosynthesis (GO:0015979) [0.613],6
Pn27.175,8825,"ATP synthase subunit c, chloroplastic ",ATP synthase subunit C family protein,ATP-synt_C ,hydrogen ion transmembrane transporter activity ,ATP hydrolysis coupled proton transport (GO:0015991) [0.625],6
Pn27.186,4531,"50S ribosomal protein L14, chloroplastic ",ribosomal protein L14 ,Ribosomal_L14 ,structural constituent of ribosome ,translation (GO:0006412) [1.000] | translational initiation (GO:0006413) [0.029],6
Pn27.195,8825,"ATP synthase subunit c, chloroplastic ",ATP synthase subunit C family protein,ATP-synt_C ,hydrogen ion transmembrane transporter activity ,ATP hydrolysis coupled proton transport (GO:0015991) [0.625],6
Pn27.211,8825,"ATP synthase subunit c, chloroplastic ",ATP synthase subunit C family protein,ATP-synt_C ,hydrogen ion transmembrane transporter activity ,ATP hydrolysis coupled proton transport (GO:0015991) [0.625],6
Pn27.255,11156,5'-3' exonuclease family protein ,5'-3' exonuclease family protein,XPG_I ,nuclease activity ,DNA repair (GO:0006281) [0.824] | multicellular organismal development (GO:0007275) [0.059] | ubiquitin-dependent protein catabolic process (GO:0006511) [0.059],6
Pn27.34,5200,Apocytochrome f ,CemA-like proton extrusion protein-related ,Apocytochr_F_C ,iron ion binding ,photosynthesis (GO:0015979) [0.613],6
Pn27.51,5200,Apocytochrome f ,CemA-like proton extrusion protein-related ,Apocytochr_F_C ,iron ion binding ,photosynthesis (GO:0015979) [0.613],6
Pn27.52,1784,Ribulose bisphosphate carboxylase large chain ,ribulose-bisphosphate carboxylases ,RuBisCO_large ,magnesium ion binding ,carbon fixation (GO:0015977) [0.393] | translation (GO:0006412) [0.089] | photosynthesis (GO:0015979) [0.036],6
Pn27.86,8825,"ATP synthase subunit c, chloroplastic ",ATP synthase subunit C family protein,ATP-synt_C ,hydrogen ion transmembrane transporter activity ,ATP hydrolysis coupled proton transport (GO:0015991) [0.625],6
Pn28.256,2148,Dormancy/auxin associated family protein ,Dormancy/auxin associated family protein,Auxin_repressed ,NULL / Representative annotation below 0.1%,NULL / Representative annotation below 0.1%,4
Pn28.295,3605,growth-regulating factor 5 ,growth-regulating factor 5,WRC ,"hydrolase activity, acting on acid anhydrides, in phosphorus-containing anhydrides ","regulation of transcription, DNA-templated (GO:0006355) [0.947]",2
Pn28.347,2219,C2H2-like zinc finger protein ,C2H2-like zinc finger protein ,zf-C2H2 ,metal ion binding ,NULL / Representative annotation below 0.1%,1
Pn28.510,1244,HMG (high mobility group) box protein with ARID/BRIGHT DNA-binding domain ,HMG (high mobility group) box protein with ARID/BRIGHT DNA-binding domain,HMG_box ,DNA binding ,NULL / Representative annotation below 0.1%,3
Pn28.76,2712,alpha/beta-Hydrolases superfamily protein ,alpha/beta-Hydrolases superfamily protein,DLH ,hydrolase activity ,NULL / Representative annotation below 0.1%,3
Pn28.98,24757,SKP1-like 12 ,SKP1-like 12 ,Skp1_POZ ,NULL / Representative annotation below 0.1%,ubiquitin-dependent protein catabolic process (GO:0006511) [1.000],1
Pn29.319,14,Disease resistance protein (CC-NBS-LRR class) family ,NB-ARC domain-containing disease resistance protein ,NB-ARC ,ADP binding ,signal transduction (GO:0007165) [0.007],4
Pn3.1257,464,cyclin p4;1 ,cyclin p4;1 ,Cyclin ,protein kinase binding ,regulation of cyclin-dependent protein serine/threonine kinase activity (GO:0000079) [0.990],4
Pn3.1419,5118,Pectin lyase-like superfamily protein ,Pectin lyase-like superfamily protein,Glyco_hydro_28 ,polygalacturonase activity ,carbohydrate metabolic process (GO:0005975) [1.000],3
Pn3.1920,275,EXORDIUM like 2 ,Phosphate-responsive 1 family protein ,Phi_1 ,triglyceride lipase activity ,lipid metabolic process (GO:0006629) [0.008],2
Pn3.198,6074,E3 ubiquitin-protein ligase makorin ,zinc finger (CCCH-type/C3HC4-type RING finger) family protein,zf-CCCH ,metal ion binding ,NULL / Representative annotation below 0.1%,4
Pn3.2202,6909,sequence-specific DNA binding transcription factors ,sequence-specific DNA binding transcription factors,Myb_DNA-bind_4 ,NULL / Representative annotation below 0.1%,NULL / Representative annotation below 0.1%,3
Pn3.2282,4201,Ornithine decarboxylase ,Unkown protein(s) / No TAIR description(s),Orn_DAP_Arg_deC ,catalytic activity ,NULL / Representative annotation below 0.1%,3
Pn3.2358,1002,fructose-bisphosphate aldolase 2 ,Aldolase superfamily protein ,Glycolytic ,fructose-bisphosphate aldolase activity ,glycolysis (GO:0006096) [1.000],1
Pn3.257,9738,Pectin lyase-like superfamily protein ,pectinesterase 11,Pectinesterase ,pectinesterase activity ,cell wall modification (GO:0042545) [1.000],3
Pn3.259,12304,Unkown protein / Representative AHRD below 0.1%,Unkown protein(s) / No TAIR description(s),NULL / Representative annotation below 0.1%,NULL / Representative annotation below 0.1%,NULL / Representative annotation below 0.1%,4
Pn3.3195,3285,annexin 8 ,annexin 8,Annexin ,calcium ion binding ,NULL / Representative annotation below 0.1%,3
Pn3.3296,5118,Pectin lyase-like superfamily protein ,Pectin lyase-like superfamily protein,Glyco_hydro_28 ,polygalacturonase activity ,carbohydrate metabolic process (GO:0005975) [1.000],4
Pn3.3402,3446,Aldehyde dehydrogenase family 7 member A1 ,aldehyde dehydrogenase 7B4,Aldedh ,oxidoreductase activity ,metabolic process (GO:0008152) [1.000] | oxidation-reduction process (GO:0055114) [1.000],5
Pn3.3529,294,Glutathione S-transferase family protein ,glutathione S-transferase phi 8 ,GST_C ,protein binding ,NULL / Representative annotation below 0.1%,3
Pn3.3541,294,Glutathione S-transferase family protein ,glutathione S-transferase phi 8 ,GST_C ,protein binding ,NULL / Representative annotation below 0.1%,4
Pn3.3558,294,Glutathione S-transferase family protein ,glutathione S-transferase phi 8 ,GST_C ,protein binding ,NULL / Representative annotation below 0.1%,4
Pn3.3602,10025,Prefoldin chaperone subunit family protein ,Prefoldin chaperone subunit family protein,NULL / Representative annotation below 0.1%,NULL / Representative annotation below 0.1%,NULL / Representative annotation below 0.1%,1
Pn3.3649,10919,Natterin-4 ,Unkown protein(s) / No TAIR description(s),Aerolysin ,"protein binding, bridging ",pathogenesis (GO:0009405) [0.611],5
Pn3.3681,10346,winged-helix DNA-binding transcription factor family protein ,high mobility group A,Linker_histone ,DNA binding ,nucleosome assembly (GO:0006334) [1.000],2
Pn3.3824,11807,Unkown protein / Representative AHRD below 0.1%,Unkown protein(s) / No TAIR description(s),DUF868 ,NULL / Representative annotation below 0.1%,NULL / Representative annotation below 0.1%,3
Pn3.3933,1742,calmodulin-binding family protein ,calmodulin-binding family protein,IQ ,protein binding ,NULL / Representative annotation below 0.1%,2
Pn3.3988,2590,Transmembrane protein 19 ,Domain of unknown function (DUF1767) ,DUF92 ,NULL / Representative annotation below 0.1%,NULL / Representative annotation below 0.1%,4
Pn3.4001,27,pleiotropic drug resistance 12 ,ABC-2 and Plant PDR ABC-type transporter family protein ,ABC_tran ,ATP binding ,DNA integration (GO:0015074) [0.004],4
Pn3.4013,2155,Unkown protein / Representative AHRD below 0.1%,Unkown protein(s) / No TAIR description(s),NULL / Representative annotation below 0.1%,NULL / Representative annotation below 0.1%,NULL / Representative annotation below 0.1%,4
Pn3.4097,963,DEAD-box ATP-dependent RNA helicase 37 ,P-loop containing nucleoside triphosphate hydrolases superfamily protein ,DEAD ,ATP-dependent helicase activity ,NULL / Representative annotation below 0.1%,6
Pn3.4306,706,4-coumarate:CoA ligase 2 ,AMP-dependent synthetase and ligase family protein ,AMP-binding ,catalytic activity ,metabolic process (GO:0008152) [1.000] | oxidation-reduction process (GO:0055114) [0.012] | response to oxidative stress (GO:0006979) [0.012],3
Pn3.4320,8926,Defensin-like protein 19 ,plant defensin 1.2 ,Gamma-thionin ,NULL / Representative annotation below 0.1%,defense response (GO:0006952) [1.000],3
Pn3.4462,210,Raffinose synthase family protein ,Raffinose synthase family protein ,Raffinose_syn ,protein binding ,NULL / Representative annotation below 0.1%,6
Pn3.4765,931,Unkown protein / Representative AHRD below 0.1%,Plant protein 1589 of unknown function,A_thal_3526 ,NULL / Representative annotation below 0.1%,NULL / Representative annotation below 0.1%,1
Pn3.4914,114,DNA-directed RNA polymerase subunit beta ,serine-rich protein-related ,ATP-synt_ab ,DNA-directed RNA polymerase activity ,"transcription, DNA-templated (GO:0006351) [0.413] | ATP hydrolysis coupled proton transport (GO:0015991) [0.116] | proton transport (GO:0015992) [0.111] | ATP metabolic process (GO:0046034) [0.111] | translation (GO:0006412) [0.098] | electron transport chain (GO:0022900) [0.062] | ATP synthesis coupled proton transport (GO:0015986) [0.027] | photosynthesis (GO:0015979) [0.009] | nodule morphogenesis (GO:0009878) [0.009] | photosynthesis, light reaction (GO:0019684) [0.004] | oxidation-reduction process (GO:0055114) [0.004]",6
Pn3.4983,7331,N-methyl-L-tryptophan oxidase ,FAD-dependent oxidoreductase family protein,DAO ,oxidoreductase activity ,oxidation-reduction process (GO:0055114) [1.000],2
Pn3.529,2155,Unkown protein / Representative AHRD below 0.1%,Unkown protein(s) / No TAIR description(s),NULL / Representative annotation below 0.1%,NULL / Representative annotation below 0.1%,NULL / Representative annotation below 0.1%,4
Pn3.903,673,NAD(P)-binding Rossmann-fold superfamily protein ,Unkown protein(s) / No TAIR description(s),adh_short ,oxidoreductase activity ,metabolic process (GO:0008152) [0.708],3
Pn3.908,10346,winged-helix DNA-binding transcription factor family protein ,high mobility group A,Linker_histone ,DNA binding ,nucleosome assembly (GO:0006334) [1.000],2
Pn30.105,12380,Unkown protein / Representative AHRD below 0.1%,Unkown protein(s) / No TAIR description(s),NULL / Representative annotation below 0.1%,NULL / Representative annotation below 0.1%,NULL / Representative annotation below 0.1%,2
Pn30.11,1055,Acyl-,Plant stearoyl-acyl-carrier-protein desaturase family protein,FA_desaturase_2 ,acyl-[acyl-carrier-protein] desaturase activity ,fatty acid metabolic process (GO:0006631) [1.000] | oxidation-reduction process (GO:0055114) [1.000],3
Pn30.196,5524,Unkown protein / Representative AHRD below 0.1%,Protein of Unknown Function (DUF239),DUF239 ,NULL / Representative annotation below 0.1%,NULL / Representative annotation below 0.1%,3
Pn30.208,348,Unkown protein / Representative AHRD below 0.1%,Protein of unknown function (DUF3511),DUF3511 ,NULL / Representative annotation below 0.1%,NULL / Representative annotation below 0.1%,3
Pn30.247,5403,P-loop containing nucleoside triphosphate hydrolases superfamily protein ,P-loop containing nucleoside triphosphate hydrolases superfamily protein,PRK ,ATP binding ,metabolic process (GO:0008152) [0.161],1
Pn31.247,4493,protodermal factor 1 ,protodermal factor 1,NULL / Representative annotation below 0.1%,NULL / Representative annotation below 0.1%,NULL / Representative annotation below 0.1%,2
Pn31.279,900,Eukaryotic aspartyl protease family protein ,Eukaryotic aspartyl protease family protein,TAXi_C ,structural constituent of ribosome ,translation (GO:0006412) [0.013] | proteolysis (GO:0006508) [0.013],2
Pn31.327,10427,Unkown protein / Representative AHRD below 0.1%,Unkown protein(s) / No TAIR description(s),AAT ,NULL / Representative annotation below 0.1%,penicillin biosynthetic process (GO:0042318) [1.000],6
Pn31.329,155,"cytochrome P450, family 83, subfamily B, polypeptide 1 ","cytochrome P450, family 71, subfamily B, polypeptide 10 ",p450 ,iron ion binding ,oxidation-reduction process (GO:0055114) [1.000],4
Pn31.55,1062,MATE efflux family protein ,MATE efflux family protein ,MatE ,drug transmembrane transporter activity ,drug transmembrane transport (GO:0006855) [1.000] | transmembrane transport (GO:0055085) [1.000],3
Pn32.219,5615,sigma factor binding protein 1 ,sigma factor binding protein 1,VQ ,NULL / Representative annotation below 0.1%,NULL / Representative annotation below 0.1%,2
Pn32.243,27811,homeobox protein 21 ,Unkown protein(s) / No TAIR description(s),ZF-HD_dimer ,NULL / Representative annotation below 0.1%,NULL / Representative annotation below 0.1%,5
Pn33.146,782,Histone H2B ,Histone superfamily protein ,Histone ,DNA binding ,NULL / Representative annotation below 0.1%,2
Pn33.148,5026,Unkown protein / Representative AHRD below 0.1%,Unkown protein(s) / No TAIR description(s),NULL / Representative annotation below 0.1%,NULL / Representative annotation below 0.1%,NULL / Representative annotation below 0.1%,2
Pn33.245,1218,Pathogen-related protein ,pathogenesis-related family protein,NULL / Representative annotation below 0.1%,NULL / Representative annotation below 0.1%,NULL / Representative annotation below 0.1%,4
Pn33.246,1218,Pathogen-related protein ,pathogenesis-related family protein,NULL / Representative annotation below 0.1%,NULL / Representative annotation below 0.1%,NULL / Representative annotation below 0.1%,4
Pn33.249,2510,Carnitinyl-CoA dehydratase ,"delta(3), delta(2)-enoyl CoA isomerase 1 ",ECH ,catalytic activity ,metabolic process (GO:0008152) [0.979] | telomere maintenance (GO:0000723) [0.021] | DNA repair (GO:0006281) [0.021],3
Pn33.337,6781,alpha/beta-Hydrolases superfamily protein ,alpha/beta-Hydrolases superfamily protein,Lipase_3 ,triglyceride lipase activity ,lipid metabolic process (GO:0006629) [0.963],4
Pn36.35,10785,"CAP (Cysteine-rich secretory proteins, Antigen 5, and Pathogenesis-related 1 protein) superfamily protein ","CAP (Cysteine-rich secretory proteins, Antigen 5, and Pathogenesis-related 1 protein) superfamily protein",CAP ,NULL / Representative annotation below 0.1%,NULL / Representative annotation below 0.1%,4
Pn36.70,158,cellulose synthase like E1 ,cellulose synthase like G1 ,Cellulose_synt ,cellulose synthase ,"cellulose biosynthetic process (GO:0030244) [1.000] | transport (GO:0006810) [0.006] | transcription, DNA-templated (GO:0006351) [0.006]",1
Pn36.89,12461,ovate family protein 8 ,Unkown protein(s) / No TAIR description(s),Ovate ,NULL / Representative annotation below 0.1%,NULL / Representative annotation below 0.1%,2
Pn38.100,5353,Acyl-CoA N-acyltransferases (NAT) superfamily protein ,Acyl-CoA N-acyltransferases (NAT) superfamily protein,Acetyltransf_1 ,N-acetyltransferase activity ,NULL / Representative annotation below 0.1%,1
Pn38.121,4204,Ethylene-responsive transcription factor 1 ,Integrase-type DNA-binding superfamily protein,AP2 ,sequence-specific DNA binding transcription factor activity ,"regulation of transcription, DNA-templated (GO:0006355) [1.000]",3
Pn38.96,3605,growth-regulating factor 5 ,growth-regulating factor 5,WRC ,"hydrolase activity, acting on acid anhydrides, in phosphorus-containing anhydrides ","regulation of transcription, DNA-templated (GO:0006355) [0.947]",2
Pn4.1037,5806,Heavy metal transport/detoxification superfamily protein ,Copper transport protein family,HMA ,metal ion binding ,metal ion transport (GO:0030001) [0.567],2
Pn4.1186,704,Ethylene-responsive transcription factor RAP2-4 ,Protein of unknown function (DUF1218),DUF1218 ,sequence-specific DNA binding transcription factor activity ,"regulation of transcription, DNA-templated (GO:0006355) [0.011]",3
Pn4.1278,8181,Eukaryotic aspartyl protease family protein ,Eukaryotic aspartyl protease family protein,TAXi_C ,NULL / Representative annotation below 0.1%,NULL / Representative annotation below 0.1%,2
Pn4.1432,1966,myb domain protein 78 ,myb domain protein 108 ,Myb_DNA-binding ,chromatin binding ,NULL / Representative annotation below 0.1%,5
Pn4.1448,2388,basic helix-loop-helix (bHLH) DNA-binding superfamily protein ,basic helix-loop-helix (bHLH) DNA-binding superfamily protein ,NULL / Representative annotation below 0.1%,NULL / Representative annotation below 0.1%,NULL / Representative annotation below 0.1%,2
Pn4.1603,7872,Cytokinin dehydrogenase 7 ,cytokinin oxidase 7,FAD_binding_4 ,flavin adenine dinucleotide binding ,oxidation-reduction process (GO:0055114) [1.000] | cytokinin metabolic process (GO:0009690) [0.960],1
Pn4.1643,1333,homocysteine methyltransferase 2 ,homocysteine S-methyltransferase 3 ,S-methyl_trans ,homocysteine S-methyltransferase activity ,NULL / Representative annotation below 0.1%,4
Pn4.1930,192,AT hook motif DNA-binding family protein ,AT hook motif DNA-binding family protein,DUF296 ,DNA binding ,NULL / Representative annotation below 0.1%,2
Pn4.2061,304,terpene synthase 03 ,"terpene synthase-like sequence-1,8-cineole ",Terpene_synth_C ,lyase activity ,metabolic process (GO:0008152) [0.953],5
Pn4.220,4786,cold regulated gene 27 ,cold regulated gene 27,NULL / Representative annotation below 0.1%,NULL / Representative annotation below 0.1%,NULL / Representative annotation below 0.1%,5
Pn4.2253,824,3-oxoacyl-,3-ketoacyl-acyl carrier protein synthase I ,ketoacyl-synt ,ATP binding ,DNA replication (GO:0006260) [0.321],3
Pn4.2278,383,Histone superfamily protein ,Histone superfamily protein ,Histone ,DNA binding ,protein phosphorylation (GO:0006468) [0.009],2
Pn4.2296,1256,"Ribulose bisphosphate carboxylase/oxygenase activase 1, chloroplastic ",rubisco activase,AAA ,ATP binding ,NULL / Representative annotation below 0.1%,1
Pn4.2404,4357,ankyrin repeat family protein ,XB3 ortholog 1 in Arabidopsis thaliana,Ank_2 ,protein binding ,NULL / Representative annotation below 0.1%,2
Pn4.2743,90,laccase 17 ,laccase 17 ,Cu-oxidase ,copper ion binding ,oxidation-reduction process (GO:0055114) [1.000] | carbohydrate metabolic process (GO:0005975) [0.004],4
Pn4.2753,55,"cytochrome P450, family 72, subfamily A, polypeptide 15 ","cytochrome P450, family 72, subfamily A, polypeptide 14 ",p450 ,iron ion binding ,oxidation-reduction process (GO:0055114) [1.000] | protein phosphorylation (GO:0006468) [0.003],5
Pn4.2770,1537,3-ketoacyl-CoA synthase 12 ,3-ketoacyl-CoA synthase 19 ,FAE1_CUT1_RppA ,"transferase activity, transferring acyl groups other than amino-acyl groups ",fatty acid biosynthetic process (GO:0006633) [0.967] | lipid biosynthetic process (GO:0008610) [0.950],1
Pn4.2962,766,Auxin-responsive GH3 family protein ,Auxin-responsive GH3 family protein,GH3 ,NULL / Representative annotation below 0.1%,NULL / Representative annotation below 0.1%,2
Pn4.3102,1329,Rho GDP-dissociation inhibitor 1 ,Immunoglobulin E-set superfamily protein,Rho_GDI ,Rho GDP-dissociation inhibitor activity ,NULL / Representative annotation below 0.1%,1
Pn4.3154,18,UDP-Glycosyltransferase superfamily protein ,UDP-Glycosyltransferase superfamily protein ,UDPGT ,"transferase activity, transferring hexosyl groups ",metabolic process (GO:0008152) [0.977],1
Pn4.3168,18,UDP-Glycosyltransferase superfamily protein ,UDP-Glycosyltransferase superfamily protein ,UDPGT ,"transferase activity, transferring hexosyl groups ",metabolic process (GO:0008152) [0.977],1
Pn4.3353,2222,Thioredoxin superfamily protein ,Glutaredoxin family protein ,Glutaredoxin ,electron carrier activity ,cell redox homeostasis (GO:0045454) [0.882],2
Pn4.3378,9455,GDSL esterase/lipase ,GDSL-like Lipase/Acylhydrolase superfamily protein,Lipase_GDSL ,"hydrolase activity, acting on ester bonds ",lipid metabolic process (GO:0006629) [1.000],6
Pn4.3481,11116,Dof-type zinc finger DNA-binding family protein ,Dof-type zinc finger DNA-binding family protein,zf-Dof ,DNA binding ,"regulation of transcription, DNA-templated (GO:0006355) [1.000]",2
Pn4.499,5129,Cytochrome P450 superfamily protein ,"cytochrome P450, family 86, subfamily B, polypeptide 1 ",p450 ,iron ion binding ,oxidation-reduction process (GO:0055114) [1.000],3
Pn4.648,5129,Cytochrome P450 superfamily protein ,"cytochrome P450, family 86, subfamily B, polypeptide 1 ",p450 ,iron ion binding ,oxidation-reduction process (GO:0055114) [1.000],3
Pn40.5,139,ABC-2 type transporter family protein ,ABC-2 type transporter family protein ,ABC2_membrane ,ATP binding ,NULL / Representative annotation below 0.1%,5
Pn40.6,303,homeobox protein 22 ,homeobox protein 24 ,ZF-HD_dimer ,NULL / Representative annotation below 0.1%,NULL / Representative annotation below 0.1%,1
Pn41.116,303,homeobox protein 22 ,homeobox protein 24 ,ZF-HD_dimer ,NULL / Representative annotation below 0.1%,NULL / Representative annotation below 0.1%,1
Pn42.47,5403,P-loop containing nucleoside triphosphate hydrolases superfamily protein ,P-loop containing nucleoside triphosphate hydrolases superfamily protein,PRK ,ATP binding ,metabolic process (GO:0008152) [0.161],1
Pn43.29,2751,scarecrow-like 3 ,scarecrow-like 3,GRAS ,NULL / Representative annotation below 0.1%,NULL / Representative annotation below 0.1%,5
Pn44.11,4324,Eukaryotic aspartyl protease family protein ,Eukaryotic aspartyl protease family protein,TAXi_C ,NULL / Representative annotation below 0.1%,NULL / Representative annotation below 0.1%,3
Pn44.27,7931,"Chloroplast stem-loop binding protein of 41 kDa a, chloroplastic ",chloroplast stem-loop binding protein of  41 kDa,Epimerase ,coenzyme binding ,cellular metabolic process (GO:0044237) [0.520],1
Pn44.3,2514,Unkown protein / Representative AHRD below 0.1%,CBS domain-containing protein with a domain of unknown function (DUF21),DUF21 ,adenyl nucleotide binding ,NULL / Representative annotation below 0.1%,3
Pn44.44,1584,Protein kinase superfamily protein ,Protein kinase superfamily protein ,Pkinase_Tyr ,protein kinase activity ,protein phosphorylation (GO:0006468) [1.000],3
Pn44.68,12002,Plant invertase/pectin methylesterase inhibitor superfamily protein ,Plant invertase/pectin methylesterase inhibitor superfamily protein,PMEI ,enzyme inhibitor activity ,NULL / Representative annotation below 0.1%,3
Pn45.30,694,Leucine-rich repeat (LRR) family protein ,polygalacturonase inhibiting protein 1 ,LRRNT_2 ,protein binding ,NULL / Representative annotation below 0.1%,3
Pn45.43,11072,basic helix-loop-helix (bHLH) DNA-binding superfamily protein ,basic helix-loop-helix (bHLH) DNA-binding superfamily protein,NULL / Representative annotation below 0.1%,NULL / Representative annotation below 0.1%,NULL / Representative annotation below 0.1%,3
Pn45.8,3725,E3 ubiquitin-protein ligase UBR1 ,proteolysis 6,zf-UBR ,ubiquitin-protein ligase activity ,NULL / Representative annotation below 0.1%,2
Pn46.96,573,Duplicated homeodomain-like superfamily protein ,Homeodomain-like superfamily protein ,Myb_DNA-binding ,chromatin binding ,NULL / Representative annotation below 0.1%,6
Pn5.1013,472,Serine/threonine-protein kinase SAPK2 ,Protein kinase superfamily protein ,Pkinase ,ATP binding ,protein phosphorylation (GO:0006468) [1.000] | translation (GO:0006412) [0.010] | oxidation-reduction process (GO:0055114) [0.010],2
Pn5.107,3223,"Chlorophyllide a oxygenase, chloroplastic ",Pheophorbide a oxygenase family protein with Rieske [2Fe-2S] domain,Rieske ,"2 iron, 2 sulfur cluster binding ",oxidation-reduction process (GO:0055114) [0.951],1
Pn5.1367,2038,basic pentacysteine 2 ,basic pentacysteine1 ,GAGA_bind ,NULL / Representative annotation below 0.1%,NULL / Representative annotation below 0.1%,2
Pn5.1389,362,PLANT CADMIUM RESISTANCE 2 ,PLAC8 family protein ,PLAC8 ,NULL / Representative annotation below 0.1%,NULL / Representative annotation below 0.1%,1
Pn5.1444,155,"cytochrome P450, family 83, subfamily B, polypeptide 1 ","cytochrome P450, family 71, subfamily B, polypeptide 10 ",p450 ,iron ion binding ,oxidation-reduction process (GO:0055114) [1.000],3
Pn5.1497,3528,BURP domain-containing protein ,BURP domain-containing protein,BURP ,NULL / Representative annotation below 0.1%,NULL / Representative annotation below 0.1%,1
Pn5.1576,6906,"Magnesium-chelatase subunit ChlH, chloroplastic ","magnesium-chelatase subunit chlH, chloroplast, putative / Mg-protoporphyrin IX chelatase, putative (CHLH)",CobN-Mg_chel ,magnesium chelatase activity ,biosynthetic process (GO:0009058) [1.000],1
Pn5.1580,155,"cytochrome P450, family 83, subfamily B, polypeptide 1 ","cytochrome P450, family 71, subfamily B, polypeptide 10 ",p450 ,iron ion binding ,oxidation-reduction process (GO:0055114) [1.000],3
Pn5.1584,155,"cytochrome P450, family 83, subfamily B, polypeptide 1 ","cytochrome P450, family 71, subfamily B, polypeptide 10 ",p450 ,iron ion binding ,oxidation-reduction process (GO:0055114) [1.000],3
Pn5.1594,10768,NOD26-like intrinsic protein 7;1 ,NOD26-like intrinsic protein 7;1,MIP ,transporter activity ,transport (GO:0006810) [1.000],4
Pn5.1653,3528,BURP domain-containing protein ,BURP domain-containing protein,BURP ,NULL / Representative annotation below 0.1%,NULL / Representative annotation below 0.1%,3
Pn5.1883,3670,Pectin lyase-like superfamily protein ,Pectin lyase-like superfamily protein,Pectinesterase ,pectinesterase activity ,cell wall modification (GO:0042545) [1.000],4
Pn5.1964,27508,"1,4-alpha-glucan-branching enzyme ",Unkown protein(s) / No TAIR description(s),NULL / Representative annotation below 0.1%,NULL / Representative annotation below 0.1%,NULL / Representative annotation below 0.1%,3
Pn5.2121,1907,Unkown protein / Representative AHRD below 0.1%,Unkown protein(s) / No TAIR description(s),NULL / Representative annotation below 0.1%,NULL / Representative annotation below 0.1%,NULL / Representative annotation below 0.1%,2
Pn5.2126,9584,D6 protein kinase like 2 ,"AGC (cAMP-dependent, cGMP-dependent and protein kinase C) kinase family protein",Pkinase ,ATP binding ,protein phosphorylation (GO:0006468) [1.000],6
Pn5.2148,103,Leucine-rich receptor-like protein kinase family protein ,Leucine-rich receptor-like protein kinase family protein ,Pkinase ,protein kinase activity ,protein phosphorylation (GO:0006468) [0.870],2
Pn5.2212,197,Pectin lyase-like superfamily protein ,Pectin lyase-like superfamily protein ,Pec_lyase_C ,NULL / Representative annotation below 0.1%,NULL / Representative annotation below 0.1%,1
Pn5.223,79,3-ketoacyl-CoA synthase 11 ,3-ketoacyl-CoA synthase 4 ,FAE1_CUT1_RppA ,"transferase activity, transferring acyl groups other than amino-acyl groups ",fatty acid biosynthetic process (GO:0006633) [1.000] | lipid biosynthetic process (GO:0008610) [0.960],2
Pn5.226,1201,RNA-binding KH domain-containing protein ,RNA-binding KH domain-containing protein,KH_1 ,RNA binding ,RNA-dependent DNA replication (GO:0006278) [0.015],2
Pn5.2400,3403,Unkown protein / Representative AHRD below 0.1%,Unkown protein(s) / No TAIR description(s),RVT_3 ,NULL / Representative annotation below 0.1%,NULL / Representative annotation below 0.1%,2
Pn5.2404,6320,Ankyrin repeat family protein ,Ankyrin repeat family protein,Ank_2 ,protein binding ,NULL / Representative annotation below 0.1%,1
Pn5.265,303,homeobox protein 22 ,homeobox protein 24 ,ZF-HD_dimer ,NULL / Representative annotation below 0.1%,NULL / Representative annotation below 0.1%,2
Pn5.2814,10360,Peroxidase superfamily protein ,Peroxidase superfamily protein,peroxidase ,peroxidase activity ,oxidation-reduction process (GO:0055114) [1.000] | response to oxidative stress (GO:0006979) [1.000],4
Pn5.2843,2552,Unkown protein / Representative AHRD below 0.1%,Unkown protein(s) / No TAIR description(s),DUF4408 ,NULL / Representative annotation below 0.1%,NULL / Representative annotation below 0.1%,2
Pn5.2847,508,Glucose-1-phosphate adenylyltransferase large subunit 1 ,Glucose-1-phosphate adenylyltransferase family protein ,NTP_transferase ,nucleotidyltransferase activity ,biosynthetic process (GO:0009058) [1.000] | cellular amino acid metabolic process (GO:0006520) [0.010],3
Pn5.2966,194,Glucose-methanol-choline (GMC) oxidoreductase family protein ,Glucose-methanol-choline (GMC) oxidoreductase family protein ,GMC_oxred_C ,flavin adenine dinucleotide binding ,oxidation-reduction process (GO:0055114) [0.592] | transmembrane transport (GO:0055085) [0.395],1
Pn5.3310,7162,ATP-dependent RNA helicase DOB1 ,"DEAD/DEAH box helicase, putative",Helicase_C ,ATP binding ,protein phosphorylation (GO:0006468) [0.037],4
Pn5.3525,230,carbonic anhydrase 2 ,beta carbonic anhydrase 5 ,Pro_CA ,carbonate dehydratase activity ,NULL / Representative annotation below 0.1%,2
Pn5.399,11185,Unkown protein / Representative AHRD below 0.1%,Unkown protein(s) / No TAIR description(s),HEM4 ,uroporphyrinogen-III synthase activity ,tetrapyrrole biosynthetic process (GO:0033014) [1.000],2
Pn5.400,50,Disease resistance protein (CC-NBS-LRR class) family ,NB-ARC domain-containing disease resistance protein,NB-ARC ,ADP binding ,chlorophyll catabolic process (GO:0015996) [0.003],1
Pn5.431,1977,Unkown protein / Representative AHRD below 0.1%,Protein of unknown function (DUF581),DUF581 ,NULL / Representative annotation below 0.1%,NULL / Representative annotation below 0.1%,3
Pn5.685,10954,DNA cross-link repair 1A protein ,DNA repair metallo-beta-lactamase family protein,DRMBL ,NULL / Representative annotation below 0.1%,NULL / Representative annotation below 0.1%,1
Pn5.693,10954,DNA cross-link repair 1A protein ,DNA repair metallo-beta-lactamase family protein,DRMBL ,NULL / Representative annotation below 0.1%,NULL / Representative annotation below 0.1%,2
Pn50.47,28350,"Lipase/lipooxygenase, PLAT/LH2 family protein ",Unkown protein(s) / No TAIR description(s),PLAT ,protein binding ,NULL / Representative annotation below 0.1%,2
Pn54.61,2514,Unkown protein / Representative AHRD below 0.1%,CBS domain-containing protein with a domain of unknown function (DUF21),DUF21 ,adenyl nucleotide binding ,NULL / Representative annotation below 0.1%,4
Pn55.41,10360,Peroxidase superfamily protein ,Peroxidase superfamily protein,peroxidase ,peroxidase activity ,oxidation-reduction process (GO:0055114) [1.000] | response to oxidative stress (GO:0006979) [1.000],4
Pn6.1269,5027,NAC domain containing protein 1 ,NAC domain containing protein 1 ,NAM ,DNA binding ,"regulation of transcription, DNA-templated (GO:0006355) [1.000]",5
Pn6.1753,3122,Ethylene-responsive transcription factor 4 ,ERF domain protein 11 ,AP2 ,sequence-specific DNA binding transcription factor activity ,"regulation of transcription, DNA-templated (GO:0006355) [1.000]",2
Pn6.1767,4743,DNA glycosylase superfamily protein ,DNA glycosylase superfamily protein,Adenine_glyco ,DNA-3-methyladenine glycosylase activity ,base-excision repair (GO:0006284) [1.000],2
Pn6.2118,2046,myb domain protein 73 ,myb domain protein r1 ,Myb_DNA-bind_6 ,chromatin binding ,NULL / Representative annotation below 0.1%,2
Pn6.2477,1953,HXXXD-type acyl-transferase family protein ,HXXXD-type acyl-transferase family protein ,Transferase ,"transferase activity, transferring acyl groups other than amino-acyl groups ",NULL / Representative annotation below 0.1%,3
Pn6.2605,2165,Copper amine oxidase family protein ,Copper amine oxidase family protein,Cu_amine_oxid ,quinone binding ,amine metabolic process (GO:0009308) [1.000] | oxidation-reduction process (GO:0055114) [1.000],3
Pn6.2698,76,Homeobox-leucine zipper protein ROC7 ,Homeobox-leucine zipper family protein / lipid-binding START domain-containing protein ,START ,lipid binding ,"regulation of transcription, DNA-templated (GO:0006355) [0.924] | exocytosis (GO:0006887) [0.004]",2
Pn6.2842,313,LAG1 longevity assurance homolog 3 ,F-box/RNI-like superfamily protein ,F-box ,protein binding ,NULL / Representative annotation below 0.1%,3
Pn6.3996,5250,IQ-domain 19 ,IQ-domain 19,DUF4005 ,protein binding ,protein transport (GO:0015031) [0.032],2
Pn6.426,232,Ethylene-responsive transcription factor 5 ,Integrase-type DNA-binding superfamily protein ,AP2 ,sequence-specific DNA binding transcription factor activity ,"regulation of transcription, DNA-templated (GO:0006355) [0.993]",2
Pn6.482,5614,GATA transcription factor 4 ,GATA transcription factor 4 ,GATA ,sequence-specific DNA binding ,"regulation of transcription, DNA-templated (GO:0006355) [1.000]",2
Pn6.601,4197,"Aspartate aminotransferase, mitochondrial ",aspartate aminotransferase 1,Aminotran_1_2 ,pyridoxal phosphate binding ,biosynthetic process (GO:0009058) [1.000],4
Pn6.931,5614,GATA transcription factor 4 ,GATA transcription factor 4 ,GATA ,sequence-specific DNA binding ,"regulation of transcription, DNA-templated (GO:0006355) [1.000]",2
Pn6.976,232,Ethylene-responsive transcription factor 5 ,Integrase-type DNA-binding superfamily protein ,AP2 ,sequence-specific DNA binding transcription factor activity ,"regulation of transcription, DNA-templated (GO:0006355) [0.993]",2
Pn7.1193,52,Wall-associated receptor kinase 2 ,Wall-associated kinase family protein ,GUB_WAK_bind ,protein kinase activity ,protein phosphorylation (GO:0006468) [0.859] | cell wall macromolecule catabolic process (GO:0016998) [0.014],2
Pn7.1284,125,respiratory burst oxidase protein F ,Riboflavin synthase-like superfamily protein ,Ferric_reduct ,oxidoreductase activity ,oxidation-reduction process (GO:0055114) [1.000] | protein metabolic process (GO:0019538) [0.005],4
Pn7.1285,125,respiratory burst oxidase protein F ,Riboflavin synthase-like superfamily protein ,Ferric_reduct ,oxidoreductase activity ,oxidation-reduction process (GO:0055114) [1.000] | protein metabolic process (GO:0019538) [0.005],4
Pn7.1358,8573,BEST Arabidopsis thaliana protein match is: transcription regulators . ,Unkown protein(s) / No TAIR description(s),NULL / Representative annotation below 0.1%,NULL / Representative annotation below 0.1%,NULL / Representative annotation below 0.1%,3
Pn7.1380,7672,Homeodomain-like superfamily protein ,Unkown protein(s) / No TAIR description(s),Myb_DNA-binding ,chromatin binding ,NULL / Representative annotation below 0.1%,5
Pn7.1478,917,Tyrosine transaminase family protein ,Tyrosine transaminase family protein,Aminotran_1_2 ,pyridoxal phosphate binding ,biosynthetic process (GO:0009058) [1.000],4
Pn7.1523,2165,Copper amine oxidase family protein ,Copper amine oxidase family protein,Cu_amine_oxid ,quinone binding ,amine metabolic process (GO:0009308) [1.000] | oxidation-reduction process (GO:0055114) [1.000],5
Pn7.1762,11478,Non-specific lipid-transfer protein ,Unkown protein(s) / No TAIR description(s),Tryp_alpha_amyl ,NULL / Representative annotation below 0.1%,NULL / Representative annotation below 0.1%,5
Pn7.1810,1266,NAD(P)-binding Rossmann-fold superfamily protein ,Unkown protein(s) / No TAIR description(s),Epimerase ,coenzyme binding ,cellular metabolic process (GO:0044237) [0.636] | steroid biosynthetic process (GO:0006694) [0.015] | oxidation-reduction process (GO:0055114) [0.015],1
Pn7.865,2210,Regulator of chromosome condensation (RCC1) family protein ,Regulator of chromosome condensation (RCC1) family protein,RCC1 ,NULL / Representative annotation below 0.1%,NULL / Representative annotation below 0.1%,4
Pn8.2152,3804,Nucleotide-diphospho-sugar transferases superfamily protein ,Nucleotide-diphospho-sugar transferases superfamily protein,NULL / Representative annotation below 0.1%,NULL / Representative annotation below 0.1%,NULL / Representative annotation below 0.1%,1
Pn8.2427,813,Homeobox-leucine zipper protein family ,homeobox from Arabidopsis thaliana ,HALZ ,sequence-specific DNA binding ,"regulation of transcription, DNA-templated (GO:0006355) [1.000]",1
Pn8.2446,227,tonoplast intrinsic protein 1;3 ,tonoplast intrinsic protein 2;3 ,MIP ,transporter activity ,transport (GO:0006810) [1.000],2
Pn8.2499,165,Bifunctional inhibitor/lipid-transfer protein/seed storage 2S albumin superfamily protein ,Bifunctional inhibitor/lipid-transfer protein/seed storage 2S albumin superfamily protein ,Hydrophob_seed ,NULL / Representative annotation below 0.1%,NULL / Representative annotation below 0.1%,5
Pn8.2503,2372,Major facilitator superfamily protein ,nitrate transporter 1.1,PTR2 ,transporter activity ,transport (GO:0006810) [1.000],2
Pn8.2544,6818,U-box domain-containing protein 16 ,ARM repeat superfamily protein,U-box ,ubiquitin-protein ligase activity ,protein ubiquitination (GO:0016567) [1.000],2
Pn8.2600,6678,Pollen Ole e 1 allergen and extensin family protein ,Unkown protein(s) / No TAIR description(s),NULL / Representative annotation below 0.1%,NULL / Representative annotation below 0.1%,NULL / Representative annotation below 0.1%,1
Pn8.2665,729,Pectin lyase-like superfamily protein ,Pectin lyase-like superfamily protein,Glyco_hydro_28 ,polygalacturonase activity ,carbohydrate metabolic process (GO:0005975) [1.000],6
Pn8.2666,10098,Zinc-binding dehydrogenase family protein ,Zinc-binding dehydrogenase family protein,ADH_zinc_N ,oxidoreductase activity ,oxidation-reduction process (GO:0055114) [1.000] | carbohydrate metabolic process (GO:0005975) [0.048],3
Pn8.271,2212,AP2/B3 transcription factor family protein ,AP2/B3-like transcriptional factor family protein,B3 ,DNA binding ,NULL / Representative annotation below 0.1%,2
Pn8.2745,9896,Unkown protein / Representative AHRD below 0.1%,Unkown protein(s) / No TAIR description(s),NULL / Representative annotation below 0.1%,NULL / Representative annotation below 0.1%,NULL / Representative annotation below 0.1%,6
Pn8.2794,3165,Glucose-6-phosphate/phosphate translocator-related ,Glucose-6-phosphate/phosphate translocator-related,TPT ,NULL / Representative annotation below 0.1%,NULL / Representative annotation below 0.1%,3
Pn8.2940,4539,alpha/beta-Hydrolases superfamily protein ,alpha/beta-Hydrolases superfamily protein,Abhydrolase_6 ,NULL / Representative annotation below 0.1%,NULL / Representative annotation below 0.1%,1
Pn8.395,1259,"cytochrome P450, family 79, subfamily B, polypeptide 2 ",cytochrome p450 79a2 ,p450 ,iron ion binding ,oxidation-reduction process (GO:0055114) [1.000],2
Pn8.398,1259,"cytochrome P450, family 79, subfamily B, polypeptide 2 ",cytochrome p450 79a2 ,p450 ,iron ion binding ,oxidation-reduction process (GO:0055114) [1.000],2
Pn8.404,1259,"cytochrome P450, family 79, subfamily B, polypeptide 2 ",cytochrome p450 79a2 ,p450 ,iron ion binding ,oxidation-reduction process (GO:0055114) [1.000],2
Pn8.563,3948,growth-regulating factor 1 ,growth-regulating factor 1 ,WRC ,"hydrolase activity, acting on acid anhydrides, in phosphorus-containing anhydrides ","regulation of transcription, DNA-templated (GO:0006355) [1.000]",4
Pn8.613,10656,Protein kinase superfamily protein ,Protein kinase superfamily protein,Pkinase ,ATP binding ,protein phosphorylation (GO:0006468) [1.000],2
Pn8.615,96,Non-specific lipid-transfer protein ,Bifunctional inhibitor/lipid-transfer protein/seed storage 2S albumin superfamily protein ,Tryp_alpha_amyl ,NULL / Representative annotation below 0.1%,NULL / Representative annotation below 0.1%,3
Pn8.723,5304,zinc finger protein 7 ,Unkown protein(s) / No TAIR description(s),NULL / Representative annotation below 0.1%,NULL / Representative annotation below 0.1%,NULL / Representative annotation below 0.1%,1
Pn8.924,260,O-methyltransferase family protein ,O-methyltransferase family protein,Methyltransf_2 ,O-methyltransferase activity ,NULL / Representative annotation below 0.1%,3
Pn9.1245,2661,"Late embryogenesis abundant protein, group 2 ","Late embryogenesis abundant protein, group 2",LEA_2 ,NULL / Representative annotation below 0.1%,NULL / Representative annotation below 0.1%,2
Pn9.1354,96,Non-specific lipid-transfer protein ,Bifunctional inhibitor/lipid-transfer protein/seed storage 2S albumin superfamily protein ,Tryp_alpha_amyl ,NULL / Representative annotation below 0.1%,NULL / Representative annotation below 0.1%,1
Pn9.1540,8807,Unkown protein / Representative AHRD below 0.1%,Unkown protein(s) / No TAIR description(s),NULL / Representative annotation below 0.1%,NULL / Representative annotation below 0.1%,NULL / Representative annotation below 0.1%,4
Pn9.195,4354,CBL-interacting protein kinase 25 ,CBL-interacting protein kinase 5 ,NAF ,ATP binding ,signal transduction (GO:0007165) [1.000] | protein phosphorylation (GO:0006468) [1.000],3
Pn9.267,1055,Acyl-,Plant stearoyl-acyl-carrier-protein desaturase family protein,FA_desaturase_2 ,acyl-[acyl-carrier-protein] desaturase activity ,fatty acid metabolic process (GO:0006631) [1.000] | oxidation-reduction process (GO:0055114) [1.000],3
Pn9.302,11156,5'-3' exonuclease family protein ,5'-3' exonuclease family protein,XPG_I ,nuclease activity ,DNA repair (GO:0006281) [0.824] | multicellular organismal development (GO:0007275) [0.059] | ubiquitin-dependent protein catabolic process (GO:0006511) [0.059],6
Pn9.303,11156,5'-3' exonuclease family protein ,5'-3' exonuclease family protein,XPG_I ,nuclease activity ,DNA repair (GO:0006281) [0.824] | multicellular organismal development (GO:0007275) [0.059] | ubiquitin-dependent protein catabolic process (GO:0006511) [0.059],6
Pn9.508,6509,L-threonine dehydratase catabolic TdcB ,serine racemase,PALP ,NULL / Representative annotation below 0.1%,NULL / Representative annotation below 0.1%,1
Pn9.539,1017,Leucine-rich repeat receptor-like protein kinase family protein ,Leucine-rich repeat (LRR) family protein ,LRR_8 ,protein binding ,NULL / Representative annotation below 0.1%,1
Pn9.740,4898,tRNA (cytosine(34)-C(5))-methyltransferase ,S-adenosyl-L-methionine-dependent methyltransferases superfamily protein,Nol1_Nop2_Fmu ,NULL / Representative annotation below 0.1%,NULL / Representative annotation below 0.1%,2
Pn9.808,2168,conserved peptide upstream open reading frame 47 ,methyltransferases,Methyltransf_21 ,solute:hydrogen antiporter activity ,metabolic process (GO:0008152) [0.373] | cation transport (GO:0006812) [0.373] | transmembrane transport (GO:0055085) [0.373] | response to stress (GO:0006950) [0.020],2
Pn9.809,2168,conserved peptide upstream open reading frame 47 ,methyltransferases,Methyltransf_21 ,solute:hydrogen antiporter activity ,metabolic process (GO:0008152) [0.373] | cation transport (GO:0006812) [0.373] | transmembrane transport (GO:0055085) [0.373] | response to stress (GO:0006950) [0.020],2
