2,A,4,ALA,O
2,A,5,GLN,CA
2,A,5,GLN,CB
2,A,5,GLN,CG
2,A,5,GLN,OE1
2,A,6,TRP,N
2,A,6,TRP,CB
2,A,6,TRP,CD1
2,A,6,TRP,NE1
2,A,6,TRP,CH2
2,A,6,TRP,CZ2
2,A,6,TRP,CZ3
2,A,7,VAL,N
2,A,7,VAL,O
2,A,9,PRO,CA
2,A,9,PRO,CB
2,A,12,PHE,CB
2,A,12,PHE,CD1
2,A,64,LEU,O
2,A,64,LEU,CD1
2,A,65,ASN,CA
2,A,65,ASN,CB
2,A,65,ASN,O
2,A,65,ASN,CG
2,A,65,ASN,OD1
2,A,68,GLY,CA
2,A,68,GLY,O
2,A,69,GLU,O
2,A,70,LEU,CA
2,A,70,LEU,CB
2,A,70,LEU,CD2
2,A,71,VAL,N
2,A,71,VAL,CB
2,A,71,VAL,CG1
2,A,71,VAL,CG2
2,A,72,HIS,N
2,A,72,HIS,CB
2,A,72,HIS,ND1
2,A,74,LYS,NZ
2,A,75,LEU,CD1
2,A,90,VAL,CB
2,A,90,VAL,CG2
2,A,93,TRP,CB
2,A,93,TRP,O
2,A,93,TRP,CG
2,A,93,TRP,CD1
2,A,93,TRP,CD2
2,A,93,TRP,CE2
2,A,93,TRP,CE3
2,A,93,TRP,NE1
2,A,93,TRP,CH2
2,A,93,TRP,CZ2
2,A,93,TRP,CZ3
2,A,94,GLY,C
2,A,94,GLY,O
2,A,95,PRO,C
2,A,95,PRO,O
2,A,96,MET,CB
2,A,96,MET,CG
2,A,96,MET,SD
2,A,96,MET,CE
2,A,109,LEU,CD2
2,A,119,ARG,NE
2,A,119,ARG,NH2
2,A,120,VAL,C
2,A,120,VAL,CB
2,A,120,VAL,O
2,A,120,VAL,CG1
2,A,121,LEU,CA
2,A,121,LEU,C
2,A,121,LEU,O
2,A,121,LEU,CD2
2,A,122,SER,N
2,A,122,SER,CA
2,A,122,SER,CB
2,A,122,SER,OG
2,A,124,LEU,CB
2,A,125,SER,N
2,A,125,SER,CA
2,A,125,SER,CB
2,A,128,PHE,CE1
2,A,128,PHE,CE2
2,A,128,PHE,CZ
2,A,129,ASN,ND2
2,A,129,ASN,OD1
2,A,135,VAL,CB
2,A,135,VAL,O
2,A,135,VAL,CG1
2,A,136,VAL,N
2,A,136,VAL,CA
2,A,136,VAL,CB
2,A,136,VAL,CG1
2,A,136,VAL,CG2
2,A,144,TRP,NE1
2,A,144,TRP,CZ2
2,A,148,ARG,CD
2,A,148,ARG,NH1
2,A,148,ARG,CZ
2,A,151,LEU,CD1
2,A,151,LEU,CD2
2,A,156,LEU,CD1
2,A,156,LEU,CD2
2,A,202,THR,CG2
2,A,206,LEU,CD1
2,A,206,LEU,CD2
2,A,235,THR,CB
2,A,235,THR,O
2,A,235,THR,CG2
2,A,238,ALA,CB
2,A,239,ARG,CA
2,A,239,ARG,CG
2,A,239,ARG,CD
2,A,239,ARG,NE
2,A,239,ARG,NH1
2,A,239,ARG,NH2
2,A,239,ARG,CZ
2,A,242,ASP,CB
2,A,304,GLU,C
2,A,304,GLU,CG
2,A,304,GLU,CD
2,A,304,GLU,OE2
2,A,305,VAL,CA
2,A,305,VAL,O
2,A,305,VAL,CG1
2,A,305,VAL,CG2
2,A,307,LEU,CD2
2,A,308,LEU,CA
2,A,308,LEU,C
2,A,308,LEU,CB
2,A,308,LEU,O
2,A,308,LEU,CD1
2,A,308,LEU,CD2
2,A,309,GLY,N
2,A,309,GLY,CA
2,A,312,SER,C
2,A,312,SER,CB
2,A,312,SER,O
2,A,312,SER,OG
2,A,313,THR,N
2,A,313,THR,CA
2,A,313,THR,OG1
2,A,316,THR,CB
2,A,316,THR,CG2
2,A,316,THR,OG1
2,A,369,MET,CA
2,A,369,MET,CB
2,A,369,MET,CG
2,A,369,MET,SD
2,A,369,MET,CE
2,A,372,LYS,O
2,A,373,PRO,CA
2,A,374,ILE,N
2,A,374,ILE,CB
2,A,374,ILE,CG2
2,A,375,ALA,CA
2,A,375,ALA,CB
2,A,376,PRO,CG
2,A,377,LEU,N
2,A,377,LEU,CB
2,A,377,LEU,O
2,A,377,LEU,CG
2,A,377,LEU,CD1
2,A,378,ALA,CA
2,A,378,ALA,CB
2,A,378,ALA,O
2,A,379,VAL,N
2,A,379,VAL,CA
2,A,379,VAL,CB
2,A,379,VAL,O
2,A,379,VAL,CG1
2,A,379,VAL,CG2
2,A,380,PRO,CB
2,A,380,PRO,CG
2,A,380,PRO,CD
2,A,381,HIS,CE1
2,A,381,HIS,NE2
2,A,399,THR,CB
2,A,399,THR,CG2
2,A,399,THR,OG1
2,A,401,VAL,CG1
2,A,401,VAL,CG2
2,A,404,LEU,CD1
2,A,447,PRO,CB
2,A,447,PRO,O
2,A,448,PHE,CA
2,A,448,PHE,C
2,A,448,PHE,O
2,A,448,PHE,CD1
2,A,448,PHE,CE1
2,A,448,PHE,CZ
2,A,449,GLY,N
2,A,449,GLY,CA
2,A,450,GLY,N
2,A,450,GLY,O
2,A,453,ARG,CA
2,A,453,ARG,C
2,A,453,ARG,CB
2,A,453,ARG,O
2,A,453,ARG,CD
2,A,453,ARG,NE
2,A,453,ARG,NH2
2,A,453,ARG,CZ
2,A,454,ALA,O
2,A,455,CYS,N
2,A,455,CYS,CA
2,A,455,CYS,CB
2,A,455,CYS,SG
2,A,456,ALA,N
2,A,456,ALA,CB
2,A,457,GLY,N
2,A,457,GLY,CA
2,A,457,GLY,O
2,A,460,VAL,CG1
2,A,461,GLY,N
2,A,461,GLY,CA
2,A,464,GLN,OE1
2,A,465,VAL,CG2
2,A,493,MET,N
2,A,493,MET,CA
2,A,493,MET,CB
2,A,493,MET,O
2,A,493,MET,CG
2,A,493,MET,CE
2,A,495,PHE,O
2,A,495,PHE,CD2
2,A,495,PHE,CE1
2,A,495,PHE,CE2
2,A,495,PHE,CZ
2,A,496,VAL,CA
2,A,496,VAL,CG1
