Model,#Param,BIC,AICc,lnL,Invariant,Gamma,Freq A,Freq R,Freq N,Freq D,Freq C,Freq Q,Freq E,Freq G,Freq H,Freq I,Freq L,Freq K,Freq M,Freq F,Freq P,Freq S,Freq T,Freq W,Freq Y,Freq V,,,,,,,,,,,,,,,,,,,,,,,,,,,,,,,,,,,,,,,,,,,,,,,,,,,,,,,,,,,,,,,,,,,,,,,,,,,,,,,,,,,,,,,,,,,,,,,,,,,,,,,,,,,,,,,,,,,,,,,,,,,,,,,,,,,,,,,,,,,,,,,,,,,,,,,,,,,,,,,,,,,,,,,,,,,,,,,,,,,,,,,,,,,,,,,,,,,,,,,,,,,,,,,,,,,,,,,,,,,,,,,,,,,,,,,,,,,,,,,,,,,,,,,,,,,,,,,,,,,,,,,,,,,,,,,,,,,,,,,,,,,,,,,,,,,,,,,,,,,,,,,,,,,,,,,,,,,,,,,,,,,,,,,,,,,,,,,,,,,,,,,,,,,,,,,,,,,,,,,,,,,,,,,,,,,,,,,,,,,,
LG+G,22,8436.59646351201,8296.4750048445,-4126.12077808546,n/a,0.98401200596656,0.079066,0.055941,0.041977,0.053052,0.012937,0.040767,0.071586,0.057337,0.022355,0.062157,0.099081,0.0646,0.022951,0.042302,0.04404,0.061197,0.053287,0.012066,0.034155,0.069147,,,,,,,,,,,,,,,,,,,,,,,,,,,,,,,,,,,,,,,,,,,,,,,,,,,,,,,,,,,,,,,,,,,,,,,,,,,,,,,,,,,,,,,,,,,,,,,,,,,,,,,,,,,,,,,,,,,,,,,,,,,,,,,,,,,,,,,,,,,,,,,,,,,,,,,,,,,,,,,,,,,,,,,,,,,,,,,,,,,,,,,,,,,,,,,,,,,,,,,,,,,,,,,,,,,,,,,,,,,,,,,,,,,,,,,,,,,,,,,,,,,,,,,,,,,,,,,,,,,,,,,,,,,,,,,,,,,,,,,,,,,,,,,,,,,,,,,,,,,,,,,,,,,,,,,,,,,,,,,,,,,,,,,,,,,,,,,,,,,,,,,,,,,,,,,,,,,,,,,,,,,,,,,,,,,,,,,,,,,,
WAG+G,22,8438.39827674475,8298.27681807724,-4127.02168470182,n/a,1.10602050370518,0.0866279,0.043972,0.0390894,0.0570451,0.0193078,0.0367281,0.0580589,0.0832518,0.0244313,0.048466,0.086209,0.0620286,0.0195027,0.0384319,0.0457631,0.0695179,0.0610127,0.0143859,0.0352742,0.0708956,,,,,,,,,,,,,,,,,,,,,,,,,,,,,,,,,,,,,,,,,,,,,,,,,,,,,,,,,,,,,,,,,,,,,,,,,,,,,,,,,,,,,,,,,,,,,,,,,,,,,,,,,,,,,,,,,,,,,,,,,,,,,,,,,,,,,,,,,,,,,,,,,,,,,,,,,,,,,,,,,,,,,,,,,,,,,,,,,,,,,,,,,,,,,,,,,,,,,,,,,,,,,,,,,,,,,,,,,,,,,,,,,,,,,,,,,,,,,,,,,,,,,,,,,,,,,,,,,,,,,,,,,,,,,,,,,,,,,,,,,,,,,,,,,,,,,,,,,,,,,,,,,,,,,,,,,,,,,,,,,,,,,,,,,,,,,,,,,,,,,,,,,,,,,,,,,,,,,,,,,,,,,,,,,,,,,,,,,,,,
JTT+G,22,8443.47306262907,8303.35160396156,-4129.55907764399,n/a,1.03473072473606,0.0769,0.0511,0.0425,0.0513,0.0203,0.0411,0.0618,0.0747,0.023,0.0526,0.0911,0.0595,0.0234,0.0405,0.0505,0.0682,0.0585,0.0143,0.0323,0.0664,,,,,,,,,,,,,,,,,,,,,,,,,,,,,,,,,,,,,,,,,,,,,,,,,,,,,,,,,,,,,,,,,,,,,,,,,,,,,,,,,,,,,,,,,,,,,,,,,,,,,,,,,,,,,,,,,,,,,,,,,,,,,,,,,,,,,,,,,,,,,,,,,,,,,,,,,,,,,,,,,,,,,,,,,,,,,,,,,,,,,,,,,,,,,,,,,,,,,,,,,,,,,,,,,,,,,,,,,,,,,,,,,,,,,,,,,,,,,,,,,,,,,,,,,,,,,,,,,,,,,,,,,,,,,,,,,,,,,,,,,,,,,,,,,,,,,,,,,,,,,,,,,,,,,,,,,,,,,,,,,,,,,,,,,,,,,,,,,,,,,,,,,,,,,,,,,,,,,,,,,,,,,,,,,,,,,,,,,,,,
LG+G+I,23,8444.96745682579,8298.48751101072,-4126.11639048459,0.0129754165762016,1.02601012101392,0.079066,0.055941,0.041977,0.053052,0.012937,0.040767,0.071586,0.057337,0.022355,0.062157,0.099081,0.0646,0.022951,0.042302,0.04404,0.061197,0.053287,0.012066,0.034155,0.069147,,,,,,,,,,,,,,,,,,,,,,,,,,,,,,,,,,,,,,,,,,,,,,,,,,,,,,,,,,,,,,,,,,,,,,,,,,,,,,,,,,,,,,,,,,,,,,,,,,,,,,,,,,,,,,,,,,,,,,,,,,,,,,,,,,,,,,,,,,,,,,,,,,,,,,,,,,,,,,,,,,,,,,,,,,,,,,,,,,,,,,,,,,,,,,,,,,,,,,,,,,,,,,,,,,,,,,,,,,,,,,,,,,,,,,,,,,,,,,,,,,,,,,,,,,,,,,,,,,,,,,,,,,,,,,,,,,,,,,,,,,,,,,,,,,,,,,,,,,,,,,,,,,,,,,,,,,,,,,,,,,,,,,,,,,,,,,,,,,,,,,,,,,,,,,,,,,,,,,,,,,,,,,,,,,,,,,,,,,,,
WAG+G+I,23,8446.54551336221,8300.06556754713,-4126.9054187528,0.057098553861832,1.36545521804999,0.0866279,0.043972,0.0390894,0.0570451,0.0193078,0.0367281,0.0580589,0.0832518,0.0244313,0.048466,0.086209,0.0620286,0.0195027,0.0384319,0.0457631,0.0695179,0.0610127,0.0143859,0.0352742,0.0708956,,,,,,,,,,,,,,,,,,,,,,,,,,,,,,,,,,,,,,,,,,,,,,,,,,,,,,,,,,,,,,,,,,,,,,,,,,,,,,,,,,,,,,,,,,,,,,,,,,,,,,,,,,,,,,,,,,,,,,,,,,,,,,,,,,,,,,,,,,,,,,,,,,,,,,,,,,,,,,,,,,,,,,,,,,,,,,,,,,,,,,,,,,,,,,,,,,,,,,,,,,,,,,,,,,,,,,,,,,,,,,,,,,,,,,,,,,,,,,,,,,,,,,,,,,,,,,,,,,,,,,,,,,,,,,,,,,,,,,,,,,,,,,,,,,,,,,,,,,,,,,,,,,,,,,,,,,,,,,,,,,,,,,,,,,,,,,,,,,,,,,,,,,,,,,,,,,,,,,,,,,,,,,,,,,,,,,,,,,,,
JTT+G+I,23,8451.85281653408,8305.372870719,-4129.55907033874,0,1.03472309605062,0.0769,0.0511,0.0425,0.0513,0.0203,0.0411,0.0618,0.0747,0.023,0.0526,0.0911,0.0595,0.0234,0.0405,0.0505,0.0682,0.0585,0.0143,0.0323,0.0664,,,,,,,,,,,,,,,,,,,,,,,,,,,,,,,,,,,,,,,,,,,,,,,,,,,,,,,,,,,,,,,,,,,,,,,,,,,,,,,,,,,,,,,,,,,,,,,,,,,,,,,,,,,,,,,,,,,,,,,,,,,,,,,,,,,,,,,,,,,,,,,,,,,,,,,,,,,,,,,,,,,,,,,,,,,,,,,,,,,,,,,,,,,,,,,,,,,,,,,,,,,,,,,,,,,,,,,,,,,,,,,,,,,,,,,,,,,,,,,,,,,,,,,,,,,,,,,,,,,,,,,,,,,,,,,,,,,,,,,,,,,,,,,,,,,,,,,,,,,,,,,,,,,,,,,,,,,,,,,,,,,,,,,,,,,,,,,,,,,,,,,,,,,,,,,,,,,,,,,,,,,,,,,,,,,,,,,,,,,,
WAG+I,22,8470.34266616364,8330.22120749612,-4142.99387941127,0.228531432814393,n/a,0.0866279,0.043972,0.0390894,0.0570451,0.0193078,0.0367281,0.0580589,0.0832518,0.0244313,0.048466,0.086209,0.0620286,0.0195027,0.0384319,0.0457631,0.0695179,0.0610127,0.0143859,0.0352742,0.0708956,,,,,,,,,,,,,,,,,,,,,,,,,,,,,,,,,,,,,,,,,,,,,,,,,,,,,,,,,,,,,,,,,,,,,,,,,,,,,,,,,,,,,,,,,,,,,,,,,,,,,,,,,,,,,,,,,,,,,,,,,,,,,,,,,,,,,,,,,,,,,,,,,,,,,,,,,,,,,,,,,,,,,,,,,,,,,,,,,,,,,,,,,,,,,,,,,,,,,,,,,,,,,,,,,,,,,,,,,,,,,,,,,,,,,,,,,,,,,,,,,,,,,,,,,,,,,,,,,,,,,,,,,,,,,,,,,,,,,,,,,,,,,,,,,,,,,,,,,,,,,,,,,,,,,,,,,,,,,,,,,,,,,,,,,,,,,,,,,,,,,,,,,,,,,,,,,,,,,,,,,,,,,,,,,,,,,,,,,,,,
LG+I,22,8481.80897569407,8341.68751702656,-4148.72703417649,0.234092501885424,n/a,0.079066,0.055941,0.041977,0.053052,0.012937,0.040767,0.071586,0.057337,0.022355,0.062157,0.099081,0.0646,0.022951,0.042302,0.04404,0.061197,0.053287,0.012066,0.034155,0.069147,,,,,,,,,,,,,,,,,,,,,,,,,,,,,,,,,,,,,,,,,,,,,,,,,,,,,,,,,,,,,,,,,,,,,,,,,,,,,,,,,,,,,,,,,,,,,,,,,,,,,,,,,,,,,,,,,,,,,,,,,,,,,,,,,,,,,,,,,,,,,,,,,,,,,,,,,,,,,,,,,,,,,,,,,,,,,,,,,,,,,,,,,,,,,,,,,,,,,,,,,,,,,,,,,,,,,,,,,,,,,,,,,,,,,,,,,,,,,,,,,,,,,,,,,,,,,,,,,,,,,,,,,,,,,,,,,,,,,,,,,,,,,,,,,,,,,,,,,,,,,,,,,,,,,,,,,,,,,,,,,,,,,,,,,,,,,,,,,,,,,,,,,,,,,,,,,,,,,,,,,,,,,,,,,,,,,,,,,,,,
JTT+I,22,8486.47815418459,8346.35669551708,-4151.06162342175,0.231627746205159,n/a,0.0769,0.0511,0.0425,0.0513,0.0203,0.0411,0.0618,0.0747,0.023,0.0526,0.0911,0.0595,0.0234,0.0405,0.0505,0.0682,0.0585,0.0143,0.0323,0.0664,,,,,,,,,,,,,,,,,,,,,,,,,,,,,,,,,,,,,,,,,,,,,,,,,,,,,,,,,,,,,,,,,,,,,,,,,,,,,,,,,,,,,,,,,,,,,,,,,,,,,,,,,,,,,,,,,,,,,,,,,,,,,,,,,,,,,,,,,,,,,,,,,,,,,,,,,,,,,,,,,,,,,,,,,,,,,,,,,,,,,,,,,,,,,,,,,,,,,,,,,,,,,,,,,,,,,,,,,,,,,,,,,,,,,,,,,,,,,,,,,,,,,,,,,,,,,,,,,,,,,,,,,,,,,,,,,,,,,,,,,,,,,,,,,,,,,,,,,,,,,,,,,,,,,,,,,,,,,,,,,,,,,,,,,,,,,,,,,,,,,,,,,,,,,,,,,,,,,,,,,,,,,,,,,,,,,,,,,,,,
rtREV+G,22,8512.96063969211,8372.8391810246,-4164.3028661755,n/a,1.01153713450368,0.0646,0.0453,0.0376,0.0422,0.0114,0.0606,0.0607,0.0639,0.0273,0.0679,0.1018,0.0751,0.015,0.0287,0.0681,0.0488,0.0622,0.0251,0.0318,0.0619,,,,,,,,,,,,,,,,,,,,,,,,,,,,,,,,,,,,,,,,,,,,,,,,,,,,,,,,,,,,,,,,,,,,,,,,,,,,,,,,,,,,,,,,,,,,,,,,,,,,,,,,,,,,,,,,,,,,,,,,,,,,,,,,,,,,,,,,,,,,,,,,,,,,,,,,,,,,,,,,,,,,,,,,,,,,,,,,,,,,,,,,,,,,,,,,,,,,,,,,,,,,,,,,,,,,,,,,,,,,,,,,,,,,,,,,,,,,,,,,,,,,,,,,,,,,,,,,,,,,,,,,,,,,,,,,,,,,,,,,,,,,,,,,,,,,,,,,,,,,,,,,,,,,,,,,,,,,,,,,,,,,,,,,,,,,,,,,,,,,,,,,,,,,,,,,,,,,,,,,,,,,,,,,,,,,,,,,,,,,
cpREV+G,22,8516.2879687146,8376.16651004709,-4165.96653068675,n/a,1.04129517909813,0.0756,0.0621,0.041,0.0371,0.0091,0.0382,0.0495,0.0838,0.0246,0.0806,0.1011,0.0504,0.022,0.0506,0.0431,0.0622,0.0543,0.0181,0.0307,0.066,,,,,,,,,,,,,,,,,,,,,,,,,,,,,,,,,,,,,,,,,,,,,,,,,,,,,,,,,,,,,,,,,,,,,,,,,,,,,,,,,,,,,,,,,,,,,,,,,,,,,,,,,,,,,,,,,,,,,,,,,,,,,,,,,,,,,,,,,,,,,,,,,,,,,,,,,,,,,,,,,,,,,,,,,,,,,,,,,,,,,,,,,,,,,,,,,,,,,,,,,,,,,,,,,,,,,,,,,,,,,,,,,,,,,,,,,,,,,,,,,,,,,,,,,,,,,,,,,,,,,,,,,,,,,,,,,,,,,,,,,,,,,,,,,,,,,,,,,,,,,,,,,,,,,,,,,,,,,,,,,,,,,,,,,,,,,,,,,,,,,,,,,,,,,,,,,,,,,,,,,,,,,,,,,,,,,,,,,,,,
Dayhoff+G,22,8518.80030559285,8378.67884692534,-4167.22269912588,n/a,0.943335598191704,0.0871,0.0409,0.0404,0.0469,0.0335,0.0383,0.0495,0.0886,0.0336,0.0369,0.0854,0.0805,0.0148,0.0398,0.0507,0.0696,0.0585,0.0105,0.0299,0.0647,,,,,,,,,,,,,,,,,,,,,,,,,,,,,,,,,,,,,,,,,,,,,,,,,,,,,,,,,,,,,,,,,,,,,,,,,,,,,,,,,,,,,,,,,,,,,,,,,,,,,,,,,,,,,,,,,,,,,,,,,,,,,,,,,,,,,,,,,,,,,,,,,,,,,,,,,,,,,,,,,,,,,,,,,,,,,,,,,,,,,,,,,,,,,,,,,,,,,,,,,,,,,,,,,,,,,,,,,,,,,,,,,,,,,,,,,,,,,,,,,,,,,,,,,,,,,,,,,,,,,,,,,,,,,,,,,,,,,,,,,,,,,,,,,,,,,,,,,,,,,,,,,,,,,,,,,,,,,,,,,,,,,,,,,,,,,,,,,,,,,,,,,,,,,,,,,,,,,,,,,,,,,,,,,,,,,,,,,,,,
rtREV+G+I,23,8521.32246116225,8374.84251534718,-4164.29389265282,0.0176823069469391,1.07337353258942,0.0646,0.0453,0.0376,0.0422,0.0114,0.0606,0.0607,0.0639,0.0273,0.0679,0.1018,0.0751,0.015,0.0287,0.0681,0.0488,0.0622,0.0251,0.0318,0.0619,,,,,,,,,,,,,,,,,,,,,,,,,,,,,,,,,,,,,,,,,,,,,,,,,,,,,,,,,,,,,,,,,,,,,,,,,,,,,,,,,,,,,,,,,,,,,,,,,,,,,,,,,,,,,,,,,,,,,,,,,,,,,,,,,,,,,,,,,,,,,,,,,,,,,,,,,,,,,,,,,,,,,,,,,,,,,,,,,,,,,,,,,,,,,,,,,,,,,,,,,,,,,,,,,,,,,,,,,,,,,,,,,,,,,,,,,,,,,,,,,,,,,,,,,,,,,,,,,,,,,,,,,,,,,,,,,,,,,,,,,,,,,,,,,,,,,,,,,,,,,,,,,,,,,,,,,,,,,,,,,,,,,,,,,,,,,,,,,,,,,,,,,,,,,,,,,,,,,,,,,,,,,,,,,,,,,,,,,,,,
cpREV+G+I,23,8524.31462614379,8377.83468032872,-4165.78997514359,0.0964367689477318,1.51642380926259,0.0756,0.0621,0.041,0.0371,0.0091,0.0382,0.0495,0.0838,0.0246,0.0806,0.1011,0.0504,0.022,0.0506,0.0431,0.0622,0.0543,0.0181,0.0307,0.066,,,,,,,,,,,,,,,,,,,,,,,,,,,,,,,,,,,,,,,,,,,,,,,,,,,,,,,,,,,,,,,,,,,,,,,,,,,,,,,,,,,,,,,,,,,,,,,,,,,,,,,,,,,,,,,,,,,,,,,,,,,,,,,,,,,,,,,,,,,,,,,,,,,,,,,,,,,,,,,,,,,,,,,,,,,,,,,,,,,,,,,,,,,,,,,,,,,,,,,,,,,,,,,,,,,,,,,,,,,,,,,,,,,,,,,,,,,,,,,,,,,,,,,,,,,,,,,,,,,,,,,,,,,,,,,,,,,,,,,,,,,,,,,,,,,,,,,,,,,,,,,,,,,,,,,,,,,,,,,,,,,,,,,,,,,,,,,,,,,,,,,,,,,,,,,,,,,,,,,,,,,,,,,,,,,,,,,,,,,,
Dayhoff+G+I,23,8528.52524156465,8382.04529574958,-4167.89528285402,0,0.943432721179801,0.0871,0.0409,0.0404,0.0469,0.0335,0.0383,0.0495,0.0886,0.0336,0.0369,0.0854,0.0805,0.0148,0.0398,0.0507,0.0696,0.0585,0.0105,0.0299,0.0647,,,,,,,,,,,,,,,,,,,,,,,,,,,,,,,,,,,,,,,,,,,,,,,,,,,,,,,,,,,,,,,,,,,,,,,,,,,,,,,,,,,,,,,,,,,,,,,,,,,,,,,,,,,,,,,,,,,,,,,,,,,,,,,,,,,,,,,,,,,,,,,,,,,,,,,,,,,,,,,,,,,,,,,,,,,,,,,,,,,,,,,,,,,,,,,,,,,,,,,,,,,,,,,,,,,,,,,,,,,,,,,,,,,,,,,,,,,,,,,,,,,,,,,,,,,,,,,,,,,,,,,,,,,,,,,,,,,,,,,,,,,,,,,,,,,,,,,,,,,,,,,,,,,,,,,,,,,,,,,,,,,,,,,,,,,,,,,,,,,,,,,,,,,,,,,,,,,,,,,,,,,,,,,,,,,,,,,,,,,,
WAG,21,8555.75880318751,8421.99676399291,-4189.89183218096,n/a,n/a,0.0866279,0.043972,0.0390894,0.0570451,0.0193078,0.0367281,0.0580589,0.0832518,0.0244313,0.048466,0.086209,0.0620286,0.0195027,0.0384319,0.0457631,0.0695179,0.0610127,0.0143859,0.0352742,0.0708956,,,,,,,,,,,,,,,,,,,,,,,,,,,,,,,,,,,,,,,,,,,,,,,,,,,,,,,,,,,,,,,,,,,,,,,,,,,,,,,,,,,,,,,,,,,,,,,,,,,,,,,,,,,,,,,,,,,,,,,,,,,,,,,,,,,,,,,,,,,,,,,,,,,,,,,,,,,,,,,,,,,,,,,,,,,,,,,,,,,,,,,,,,,,,,,,,,,,,,,,,,,,,,,,,,,,,,,,,,,,,,,,,,,,,,,,,,,,,,,,,,,,,,,,,,,,,,,,,,,,,,,,,,,,,,,,,,,,,,,,,,,,,,,,,,,,,,,,,,,,,,,,,,,,,,,,,,,,,,,,,,,,,,,,,,,,,,,,,,,,,,,,,,,,,,,,,,,,,,,,,,,,,,,,,,,,,,,,,,,,
cpREV+I,22,8557.11614996636,8416.99469129885,-4186.38062131263,0.237006676336912,n/a,0.0756,0.0621,0.041,0.0371,0.0091,0.0382,0.0495,0.0838,0.0246,0.0806,0.1011,0.0504,0.022,0.0506,0.0431,0.0622,0.0543,0.0181,0.0307,0.066,,,,,,,,,,,,,,,,,,,,,,,,,,,,,,,,,,,,,,,,,,,,,,,,,,,,,,,,,,,,,,,,,,,,,,,,,,,,,,,,,,,,,,,,,,,,,,,,,,,,,,,,,,,,,,,,,,,,,,,,,,,,,,,,,,,,,,,,,,,,,,,,,,,,,,,,,,,,,,,,,,,,,,,,,,,,,,,,,,,,,,,,,,,,,,,,,,,,,,,,,,,,,,,,,,,,,,,,,,,,,,,,,,,,,,,,,,,,,,,,,,,,,,,,,,,,,,,,,,,,,,,,,,,,,,,,,,,,,,,,,,,,,,,,,,,,,,,,,,,,,,,,,,,,,,,,,,,,,,,,,,,,,,,,,,,,,,,,,,,,,,,,,,,,,,,,,,,,,,,,,,,,,,,,,,,,,,,,,,,,
rtREV+I,22,8559.18147040639,8419.06001173888,-4187.41328153265,0.225260188005409,n/a,0.0646,0.0453,0.0376,0.0422,0.0114,0.0606,0.0607,0.0639,0.0273,0.0679,0.1018,0.0751,0.015,0.0287,0.0681,0.0488,0.0622,0.0251,0.0318,0.0619,,,,,,,,,,,,,,,,,,,,,,,,,,,,,,,,,,,,,,,,,,,,,,,,,,,,,,,,,,,,,,,,,,,,,,,,,,,,,,,,,,,,,,,,,,,,,,,,,,,,,,,,,,,,,,,,,,,,,,,,,,,,,,,,,,,,,,,,,,,,,,,,,,,,,,,,,,,,,,,,,,,,,,,,,,,,,,,,,,,,,,,,,,,,,,,,,,,,,,,,,,,,,,,,,,,,,,,,,,,,,,,,,,,,,,,,,,,,,,,,,,,,,,,,,,,,,,,,,,,,,,,,,,,,,,,,,,,,,,,,,,,,,,,,,,,,,,,,,,,,,,,,,,,,,,,,,,,,,,,,,,,,,,,,,,,,,,,,,,,,,,,,,,,,,,,,,,,,,,,,,,,,,,,,,,,,,,,,,,,,
JTT,21,8573.39710691601,8439.63506772141,-4198.7109840452,n/a,n/a,0.0769,0.0511,0.0425,0.0513,0.0203,0.0411,0.0618,0.0747,0.023,0.0526,0.0911,0.0595,0.0234,0.0405,0.0505,0.0682,0.0585,0.0143,0.0323,0.0664,,,,,,,,,,,,,,,,,,,,,,,,,,,,,,,,,,,,,,,,,,,,,,,,,,,,,,,,,,,,,,,,,,,,,,,,,,,,,,,,,,,,,,,,,,,,,,,,,,,,,,,,,,,,,,,,,,,,,,,,,,,,,,,,,,,,,,,,,,,,,,,,,,,,,,,,,,,,,,,,,,,,,,,,,,,,,,,,,,,,,,,,,,,,,,,,,,,,,,,,,,,,,,,,,,,,,,,,,,,,,,,,,,,,,,,,,,,,,,,,,,,,,,,,,,,,,,,,,,,,,,,,,,,,,,,,,,,,,,,,,,,,,,,,,,,,,,,,,,,,,,,,,,,,,,,,,,,,,,,,,,,,,,,,,,,,,,,,,,,,,,,,,,,,,,,,,,,,,,,,,,,,,,,,,,,,,,,,,,,,
LG,21,8577.4815855961,8443.7195464015,-4200.75322338525,n/a,n/a,0.079066,0.055941,0.041977,0.053052,0.012937,0.040767,0.071586,0.057337,0.022355,0.062157,0.099081,0.0646,0.022951,0.042302,0.04404,0.061197,0.053287,0.012066,0.034155,0.069147,,,,,,,,,,,,,,,,,,,,,,,,,,,,,,,,,,,,,,,,,,,,,,,,,,,,,,,,,,,,,,,,,,,,,,,,,,,,,,,,,,,,,,,,,,,,,,,,,,,,,,,,,,,,,,,,,,,,,,,,,,,,,,,,,,,,,,,,,,,,,,,,,,,,,,,,,,,,,,,,,,,,,,,,,,,,,,,,,,,,,,,,,,,,,,,,,,,,,,,,,,,,,,,,,,,,,,,,,,,,,,,,,,,,,,,,,,,,,,,,,,,,,,,,,,,,,,,,,,,,,,,,,,,,,,,,,,,,,,,,,,,,,,,,,,,,,,,,,,,,,,,,,,,,,,,,,,,,,,,,,,,,,,,,,,,,,,,,,,,,,,,,,,,,,,,,,,,,,,,,,,,,,,,,,,,,,,,,,,,,
Dayhoff+I,22,8577.55541433134,8437.43395566383,-4196.60025349512,0.221635420814282,n/a,0.0871,0.0409,0.0404,0.0469,0.0335,0.0383,0.0495,0.0886,0.0336,0.0369,0.0854,0.0805,0.0148,0.0398,0.0507,0.0696,0.0585,0.0105,0.0299,0.0647,,,,,,,,,,,,,,,,,,,,,,,,,,,,,,,,,,,,,,,,,,,,,,,,,,,,,,,,,,,,,,,,,,,,,,,,,,,,,,,,,,,,,,,,,,,,,,,,,,,,,,,,,,,,,,,,,,,,,,,,,,,,,,,,,,,,,,,,,,,,,,,,,,,,,,,,,,,,,,,,,,,,,,,,,,,,,,,,,,,,,,,,,,,,,,,,,,,,,,,,,,,,,,,,,,,,,,,,,,,,,,,,,,,,,,,,,,,,,,,,,,,,,,,,,,,,,,,,,,,,,,,,,,,,,,,,,,,,,,,,,,,,,,,,,,,,,,,,,,,,,,,,,,,,,,,,,,,,,,,,,,,,,,,,,,,,,,,,,,,,,,,,,,,,,,,,,,,,,,,,,,,,,,,,,,,,,,,,,,,,
LG+G+F,41,8577.81646722481,8317.0439191642,-4117.12297904456,n/a,0.989520374419001,0.0984396512161542,0.0224873795318954,0.0406149609912804,0.057365764111978,0.018127581459385,0.018357044515833,0.0569068379990821,0.0768701239100505,0.0293712712253327,0.0566773749426342,0.0986691142726021,0.0663148233134465,0.0408444240477283,0.04176227627352,0.0548416704910509,0.0587425424506654,0.0458926112895824,0.0112436897659477,0.0330426801284993,0.0734281780633318,,,,,,,,,,,,,,,,,,,,,,,,,,,,,,,,,,,,,,,,,,,,,,,,,,,,,,,,,,,,,,,,,,,,,,,,,,,,,,,,,,,,,,,,,,,,,,,,,,,,,,,,,,,,,,,,,,,,,,,,,,,,,,,,,,,,,,,,,,,,,,,,,,,,,,,,,,,,,,,,,,,,,,,,,,,,,,,,,,,,,,,,,,,,,,,,,,,,,,,,,,,,,,,,,,,,,,,,,,,,,,,,,,,,,,,,,,,,,,,,,,,,,,,,,,,,,,,,,,,,,,,,,,,,,,,,,,,,,,,,,,,,,,,,,,,,,,,,,,,,,,,,,,,,,,,,,,,,,,,,,,,,,,,,,,,,,,,,,,,,,,,,,,,,,,,,,,,,,,,,,,,,,,,,,,,,,,,,,,,,
LG+G+I+F,42,8586.19527613137,8319.08207843383,-4117.12249924009,0.00494876080545873,1.00541869973785,0.0984396512161542,0.0224873795318954,0.0406149609912804,0.057365764111978,0.018127581459385,0.018357044515833,0.0569068379990821,0.0768701239100505,0.0293712712253327,0.0566773749426342,0.0986691142726021,0.0663148233134465,0.0408444240477283,0.04176227627352,0.0548416704910509,0.0587425424506654,0.0458926112895824,0.0112436897659477,0.0330426801284993,0.0734281780633318,,,,,,,,,,,,,,,,,,,,,,,,,,,,,,,,,,,,,,,,,,,,,,,,,,,,,,,,,,,,,,,,,,,,,,,,,,,,,,,,,,,,,,,,,,,,,,,,,,,,,,,,,,,,,,,,,,,,,,,,,,,,,,,,,,,,,,,,,,,,,,,,,,,,,,,,,,,,,,,,,,,,,,,,,,,,,,,,,,,,,,,,,,,,,,,,,,,,,,,,,,,,,,,,,,,,,,,,,,,,,,,,,,,,,,,,,,,,,,,,,,,,,,,,,,,,,,,,,,,,,,,,,,,,,,,,,,,,,,,,,,,,,,,,,,,,,,,,,,,,,,,,,,,,,,,,,,,,,,,,,,,,,,,,,,,,,,,,,,,,,,,,,,,,,,,,,,,,,,,,,,,,,,,,,,,,,,,,,,,,
JTT+G+F,41,8597.94016683466,8337.16761877404,-4127.18482884949,n/a,1.04268408692447,0.0984396512161542,0.0224873795318954,0.0406149609912804,0.057365764111978,0.018127581459385,0.018357044515833,0.0569068379990821,0.0768701239100505,0.0293712712253327,0.0566773749426342,0.0986691142726021,0.0663148233134465,0.0408444240477283,0.04176227627352,0.0548416704910509,0.0587425424506654,0.0458926112895824,0.0112436897659477,0.0330426801284993,0.0734281780633318,,,,,,,,,,,,,,,,,,,,,,,,,,,,,,,,,,,,,,,,,,,,,,,,,,,,,,,,,,,,,,,,,,,,,,,,,,,,,,,,,,,,,,,,,,,,,,,,,,,,,,,,,,,,,,,,,,,,,,,,,,,,,,,,,,,,,,,,,,,,,,,,,,,,,,,,,,,,,,,,,,,,,,,,,,,,,,,,,,,,,,,,,,,,,,,,,,,,,,,,,,,,,,,,,,,,,,,,,,,,,,,,,,,,,,,,,,,,,,,,,,,,,,,,,,,,,,,,,,,,,,,,,,,,,,,,,,,,,,,,,,,,,,,,,,,,,,,,,,,,,,,,,,,,,,,,,,,,,,,,,,,,,,,,,,,,,,,,,,,,,,,,,,,,,,,,,,,,,,,,,,,,,,,,,,,,,,,,,,,,
WAG+G+F,41,8601.90540021474,8341.13285215412,-4129.16744553953,n/a,1.10371002161034,0.0984396512161542,0.0224873795318954,0.0406149609912804,0.057365764111978,0.018127581459385,0.018357044515833,0.0569068379990821,0.0768701239100505,0.0293712712253327,0.0566773749426342,0.0986691142726021,0.0663148233134465,0.0408444240477283,0.04176227627352,0.0548416704910509,0.0587425424506654,0.0458926112895824,0.0112436897659477,0.0330426801284993,0.0734281780633318,,,,,,,,,,,,,,,,,,,,,,,,,,,,,,,,,,,,,,,,,,,,,,,,,,,,,,,,,,,,,,,,,,,,,,,,,,,,,,,,,,,,,,,,,,,,,,,,,,,,,,,,,,,,,,,,,,,,,,,,,,,,,,,,,,,,,,,,,,,,,,,,,,,,,,,,,,,,,,,,,,,,,,,,,,,,,,,,,,,,,,,,,,,,,,,,,,,,,,,,,,,,,,,,,,,,,,,,,,,,,,,,,,,,,,,,,,,,,,,,,,,,,,,,,,,,,,,,,,,,,,,,,,,,,,,,,,,,,,,,,,,,,,,,,,,,,,,,,,,,,,,,,,,,,,,,,,,,,,,,,,,,,,,,,,,,,,,,,,,,,,,,,,,,,,,,,,,,,,,,,,,,,,,,,,,,,,,,,,,,
JTT+G+I+F,42,8606.31992098239,8339.20672328485,-4127.1848216656,0,1.04267728955677,0.0984396512161542,0.0224873795318954,0.0406149609912804,0.057365764111978,0.018127581459385,0.018357044515833,0.0569068379990821,0.0768701239100505,0.0293712712253327,0.0566773749426342,0.0986691142726021,0.0663148233134465,0.0408444240477283,0.04176227627352,0.0548416704910509,0.0587425424506654,0.0458926112895824,0.0112436897659477,0.0330426801284993,0.0734281780633318,,,,,,,,,,,,,,,,,,,,,,,,,,,,,,,,,,,,,,,,,,,,,,,,,,,,,,,,,,,,,,,,,,,,,,,,,,,,,,,,,,,,,,,,,,,,,,,,,,,,,,,,,,,,,,,,,,,,,,,,,,,,,,,,,,,,,,,,,,,,,,,,,,,,,,,,,,,,,,,,,,,,,,,,,,,,,,,,,,,,,,,,,,,,,,,,,,,,,,,,,,,,,,,,,,,,,,,,,,,,,,,,,,,,,,,,,,,,,,,,,,,,,,,,,,,,,,,,,,,,,,,,,,,,,,,,,,,,,,,,,,,,,,,,,,,,,,,,,,,,,,,,,,,,,,,,,,,,,,,,,,,,,,,,,,,,,,,,,,,,,,,,,,,,,,,,,,,,,,,,,,,,,,,,,,,,,,,,,,,,
WAG+G+I+F,42,8610.04218104272,8342.92898334518,-4129.04595169577,0.0587822050692922,1.37002111232796,0.0984396512161542,0.0224873795318954,0.0406149609912804,0.057365764111978,0.018127581459385,0.018357044515833,0.0569068379990821,0.0768701239100505,0.0293712712253327,0.0566773749426342,0.0986691142726021,0.0663148233134465,0.0408444240477283,0.04176227627352,0.0548416704910509,0.0587425424506654,0.0458926112895824,0.0112436897659477,0.0330426801284993,0.0734281780633318,,,,,,,,,,,,,,,,,,,,,,,,,,,,,,,,,,,,,,,,,,,,,,,,,,,,,,,,,,,,,,,,,,,,,,,,,,,,,,,,,,,,,,,,,,,,,,,,,,,,,,,,,,,,,,,,,,,,,,,,,,,,,,,,,,,,,,,,,,,,,,,,,,,,,,,,,,,,,,,,,,,,,,,,,,,,,,,,,,,,,,,,,,,,,,,,,,,,,,,,,,,,,,,,,,,,,,,,,,,,,,,,,,,,,,,,,,,,,,,,,,,,,,,,,,,,,,,,,,,,,,,,,,,,,,,,,,,,,,,,,,,,,,,,,,,,,,,,,,,,,,,,,,,,,,,,,,,,,,,,,,,,,,,,,,,,,,,,,,,,,,,,,,,,,,,,,,,,,,,,,,,,,,,,,,,,,,,,,,,,
rtREV+G+F,41,8619.36098500806,8358.58843694744,-4137.89523793619,n/a,0.989148144233898,0.0984396512161542,0.0224873795318954,0.0406149609912804,0.057365764111978,0.018127581459385,0.018357044515833,0.0569068379990821,0.0768701239100505,0.0293712712253327,0.0566773749426342,0.0986691142726021,0.0663148233134465,0.0408444240477283,0.04176227627352,0.0548416704910509,0.0587425424506654,0.0458926112895824,0.0112436897659477,0.0330426801284993,0.0734281780633318,,,,,,,,,,,,,,,,,,,,,,,,,,,,,,,,,,,,,,,,,,,,,,,,,,,,,,,,,,,,,,,,,,,,,,,,,,,,,,,,,,,,,,,,,,,,,,,,,,,,,,,,,,,,,,,,,,,,,,,,,,,,,,,,,,,,,,,,,,,,,,,,,,,,,,,,,,,,,,,,,,,,,,,,,,,,,,,,,,,,,,,,,,,,,,,,,,,,,,,,,,,,,,,,,,,,,,,,,,,,,,,,,,,,,,,,,,,,,,,,,,,,,,,,,,,,,,,,,,,,,,,,,,,,,,,,,,,,,,,,,,,,,,,,,,,,,,,,,,,,,,,,,,,,,,,,,,,,,,,,,,,,,,,,,,,,,,,,,,,,,,,,,,,,,,,,,,,,,,,,,,,,,,,,,,,,,,,,,,,,
LG+I+F,41,8625.19270715382,8364.4201590932,-4140.81109900907,0.232396555262781,n/a,0.0984396512161542,0.0224873795318954,0.0406149609912804,0.057365764111978,0.018127581459385,0.018357044515833,0.0569068379990821,0.0768701239100505,0.0293712712253327,0.0566773749426342,0.0986691142726021,0.0663148233134465,0.0408444240477283,0.04176227627352,0.0548416704910509,0.0587425424506654,0.0458926112895824,0.0112436897659477,0.0330426801284993,0.0734281780633318,,,,,,,,,,,,,,,,,,,,,,,,,,,,,,,,,,,,,,,,,,,,,,,,,,,,,,,,,,,,,,,,,,,,,,,,,,,,,,,,,,,,,,,,,,,,,,,,,,,,,,,,,,,,,,,,,,,,,,,,,,,,,,,,,,,,,,,,,,,,,,,,,,,,,,,,,,,,,,,,,,,,,,,,,,,,,,,,,,,,,,,,,,,,,,,,,,,,,,,,,,,,,,,,,,,,,,,,,,,,,,,,,,,,,,,,,,,,,,,,,,,,,,,,,,,,,,,,,,,,,,,,,,,,,,,,,,,,,,,,,,,,,,,,,,,,,,,,,,,,,,,,,,,,,,,,,,,,,,,,,,,,,,,,,,,,,,,,,,,,,,,,,,,,,,,,,,,,,,,,,,,,,,,,,,,,,,,,,,,,
rtREV+G+I+F,42,8627.74073788623,8360.62754018869,-4137.89523011752,0,0.989139473214525,0.0984396512161542,0.0224873795318954,0.0406149609912804,0.057365764111978,0.018127581459385,0.018357044515833,0.0569068379990821,0.0768701239100505,0.0293712712253327,0.0566773749426342,0.0986691142726021,0.0663148233134465,0.0408444240477283,0.04176227627352,0.0548416704910509,0.0587425424506654,0.0458926112895824,0.0112436897659477,0.0330426801284993,0.0734281780633318,,,,,,,,,,,,,,,,,,,,,,,,,,,,,,,,,,,,,,,,,,,,,,,,,,,,,,,,,,,,,,,,,,,,,,,,,,,,,,,,,,,,,,,,,,,,,,,,,,,,,,,,,,,,,,,,,,,,,,,,,,,,,,,,,,,,,,,,,,,,,,,,,,,,,,,,,,,,,,,,,,,,,,,,,,,,,,,,,,,,,,,,,,,,,,,,,,,,,,,,,,,,,,,,,,,,,,,,,,,,,,,,,,,,,,,,,,,,,,,,,,,,,,,,,,,,,,,,,,,,,,,,,,,,,,,,,,,,,,,,,,,,,,,,,,,,,,,,,,,,,,,,,,,,,,,,,,,,,,,,,,,,,,,,,,,,,,,,,,,,,,,,,,,,,,,,,,,,,,,,,,,,,,,,,,,,,,,,,,,,
cpREV+G+F,41,8633.49546093005,8372.72291286943,-4144.96247589718,n/a,1.06950148748213,0.0984396512161542,0.0224873795318954,0.0406149609912804,0.057365764111978,0.018127581459385,0.018357044515833,0.0569068379990821,0.0768701239100505,0.0293712712253327,0.0566773749426342,0.0986691142726021,0.0663148233134465,0.0408444240477283,0.04176227627352,0.0548416704910509,0.0587425424506654,0.0458926112895824,0.0112436897659477,0.0330426801284993,0.0734281780633318,,,,,,,,,,,,,,,,,,,,,,,,,,,,,,,,,,,,,,,,,,,,,,,,,,,,,,,,,,,,,,,,,,,,,,,,,,,,,,,,,,,,,,,,,,,,,,,,,,,,,,,,,,,,,,,,,,,,,,,,,,,,,,,,,,,,,,,,,,,,,,,,,,,,,,,,,,,,,,,,,,,,,,,,,,,,,,,,,,,,,,,,,,,,,,,,,,,,,,,,,,,,,,,,,,,,,,,,,,,,,,,,,,,,,,,,,,,,,,,,,,,,,,,,,,,,,,,,,,,,,,,,,,,,,,,,,,,,,,,,,,,,,,,,,,,,,,,,,,,,,,,,,,,,,,,,,,,,,,,,,,,,,,,,,,,,,,,,,,,,,,,,,,,,,,,,,,,,,,,,,,,,,,,,,,,,,,,,,,,,
WAG+I+F,41,8633.96981848273,8373.19727042212,-4145.19965467352,0.230569198630685,n/a,0.0984396512161542,0.0224873795318954,0.0406149609912804,0.057365764111978,0.018127581459385,0.018357044515833,0.0569068379990821,0.0768701239100505,0.0293712712253327,0.0566773749426342,0.0986691142726021,0.0663148233134465,0.0408444240477283,0.04176227627352,0.0548416704910509,0.0587425424506654,0.0458926112895824,0.0112436897659477,0.0330426801284993,0.0734281780633318,,,,,,,,,,,,,,,,,,,,,,,,,,,,,,,,,,,,,,,,,,,,,,,,,,,,,,,,,,,,,,,,,,,,,,,,,,,,,,,,,,,,,,,,,,,,,,,,,,,,,,,,,,,,,,,,,,,,,,,,,,,,,,,,,,,,,,,,,,,,,,,,,,,,,,,,,,,,,,,,,,,,,,,,,,,,,,,,,,,,,,,,,,,,,,,,,,,,,,,,,,,,,,,,,,,,,,,,,,,,,,,,,,,,,,,,,,,,,,,,,,,,,,,,,,,,,,,,,,,,,,,,,,,,,,,,,,,,,,,,,,,,,,,,,,,,,,,,,,,,,,,,,,,,,,,,,,,,,,,,,,,,,,,,,,,,,,,,,,,,,,,,,,,,,,,,,,,,,,,,,,,,,,,,,,,,,,,,,,,,
JTT+I+F,41,8641.4540630406,8380.68151497998,-4148.94177695246,0.228189744009927,n/a,0.0984396512161542,0.0224873795318954,0.0406149609912804,0.057365764111978,0.018127581459385,0.018357044515833,0.0569068379990821,0.0768701239100505,0.0293712712253327,0.0566773749426342,0.0986691142726021,0.0663148233134465,0.0408444240477283,0.04176227627352,0.0548416704910509,0.0587425424506654,0.0458926112895824,0.0112436897659477,0.0330426801284993,0.0734281780633318,,,,,,,,,,,,,,,,,,,,,,,,,,,,,,,,,,,,,,,,,,,,,,,,,,,,,,,,,,,,,,,,,,,,,,,,,,,,,,,,,,,,,,,,,,,,,,,,,,,,,,,,,,,,,,,,,,,,,,,,,,,,,,,,,,,,,,,,,,,,,,,,,,,,,,,,,,,,,,,,,,,,,,,,,,,,,,,,,,,,,,,,,,,,,,,,,,,,,,,,,,,,,,,,,,,,,,,,,,,,,,,,,,,,,,,,,,,,,,,,,,,,,,,,,,,,,,,,,,,,,,,,,,,,,,,,,,,,,,,,,,,,,,,,,,,,,,,,,,,,,,,,,,,,,,,,,,,,,,,,,,,,,,,,,,,,,,,,,,,,,,,,,,,,,,,,,,,,,,,,,,,,,,,,,,,,,,,,,,,,
cpREV+G+I+F,42,8641.6619787587,8374.54878106116,-4144.85585055376,0.0797588617767034,1.45289383933753,0.0984396512161542,0.0224873795318954,0.0406149609912804,0.057365764111978,0.018127581459385,0.018357044515833,0.0569068379990821,0.0768701239100505,0.0293712712253327,0.0566773749426342,0.0986691142726021,0.0663148233134465,0.0408444240477283,0.04176227627352,0.0548416704910509,0.0587425424506654,0.0458926112895824,0.0112436897659477,0.0330426801284993,0.0734281780633318,,,,,,,,,,,,,,,,,,,,,,,,,,,,,,,,,,,,,,,,,,,,,,,,,,,,,,,,,,,,,,,,,,,,,,,,,,,,,,,,,,,,,,,,,,,,,,,,,,,,,,,,,,,,,,,,,,,,,,,,,,,,,,,,,,,,,,,,,,,,,,,,,,,,,,,,,,,,,,,,,,,,,,,,,,,,,,,,,,,,,,,,,,,,,,,,,,,,,,,,,,,,,,,,,,,,,,,,,,,,,,,,,,,,,,,,,,,,,,,,,,,,,,,,,,,,,,,,,,,,,,,,,,,,,,,,,,,,,,,,,,,,,,,,,,,,,,,,,,,,,,,,,,,,,,,,,,,,,,,,,,,,,,,,,,,,,,,,,,,,,,,,,,,,,,,,,,,,,,,,,,,,,,,,,,,,,,,,,,,,
rtREV,21,8651.34869031999,8517.5866511254,-4237.6867757472,n/a,n/a,0.0646,0.0453,0.0376,0.0422,0.0114,0.0606,0.0607,0.0639,0.0273,0.0679,0.1018,0.0751,0.015,0.0287,0.0681,0.0488,0.0622,0.0251,0.0318,0.0619,,,,,,,,,,,,,,,,,,,,,,,,,,,,,,,,,,,,,,,,,,,,,,,,,,,,,,,,,,,,,,,,,,,,,,,,,,,,,,,,,,,,,,,,,,,,,,,,,,,,,,,,,,,,,,,,,,,,,,,,,,,,,,,,,,,,,,,,,,,,,,,,,,,,,,,,,,,,,,,,,,,,,,,,,,,,,,,,,,,,,,,,,,,,,,,,,,,,,,,,,,,,,,,,,,,,,,,,,,,,,,,,,,,,,,,,,,,,,,,,,,,,,,,,,,,,,,,,,,,,,,,,,,,,,,,,,,,,,,,,,,,,,,,,,,,,,,,,,,,,,,,,,,,,,,,,,,,,,,,,,,,,,,,,,,,,,,,,,,,,,,,,,,,,,,,,,,,,,,,,,,,,,,,,,,,,,,,,,,,,
cpREV,21,8654.17400727764,8520.41196808305,-4239.09943422602,n/a,n/a,0.0756,0.0621,0.041,0.0371,0.0091,0.0382,0.0495,0.0838,0.0246,0.0806,0.1011,0.0504,0.022,0.0506,0.0431,0.0622,0.0543,0.0181,0.0307,0.066,,,,,,,,,,,,,,,,,,,,,,,,,,,,,,,,,,,,,,,,,,,,,,,,,,,,,,,,,,,,,,,,,,,,,,,,,,,,,,,,,,,,,,,,,,,,,,,,,,,,,,,,,,,,,,,,,,,,,,,,,,,,,,,,,,,,,,,,,,,,,,,,,,,,,,,,,,,,,,,,,,,,,,,,,,,,,,,,,,,,,,,,,,,,,,,,,,,,,,,,,,,,,,,,,,,,,,,,,,,,,,,,,,,,,,,,,,,,,,,,,,,,,,,,,,,,,,,,,,,,,,,,,,,,,,,,,,,,,,,,,,,,,,,,,,,,,,,,,,,,,,,,,,,,,,,,,,,,,,,,,,,,,,,,,,,,,,,,,,,,,,,,,,,,,,,,,,,,,,,,,,,,,,,,,,,,,,,,,,,,
rtREV+I+F,41,8670.86463973607,8410.09209167545,-4163.64706530019,0.227266775772192,n/a,0.0984396512161542,0.0224873795318954,0.0406149609912804,0.057365764111978,0.018127581459385,0.018357044515833,0.0569068379990821,0.0768701239100505,0.0293712712253327,0.0566773749426342,0.0986691142726021,0.0663148233134465,0.0408444240477283,0.04176227627352,0.0548416704910509,0.0587425424506654,0.0458926112895824,0.0112436897659477,0.0330426801284993,0.0734281780633318,,,,,,,,,,,,,,,,,,,,,,,,,,,,,,,,,,,,,,,,,,,,,,,,,,,,,,,,,,,,,,,,,,,,,,,,,,,,,,,,,,,,,,,,,,,,,,,,,,,,,,,,,,,,,,,,,,,,,,,,,,,,,,,,,,,,,,,,,,,,,,,,,,,,,,,,,,,,,,,,,,,,,,,,,,,,,,,,,,,,,,,,,,,,,,,,,,,,,,,,,,,,,,,,,,,,,,,,,,,,,,,,,,,,,,,,,,,,,,,,,,,,,,,,,,,,,,,,,,,,,,,,,,,,,,,,,,,,,,,,,,,,,,,,,,,,,,,,,,,,,,,,,,,,,,,,,,,,,,,,,,,,,,,,,,,,,,,,,,,,,,,,,,,,,,,,,,,,,,,,,,,,,,,,,,,,,,,,,,,,
Dayhoff+G+F,41,8674.38277270184,8413.61022464122,-4165.40613178307,n/a,0.931136432825395,0.0984396512161542,0.0224873795318954,0.0406149609912804,0.057365764111978,0.018127581459385,0.018357044515833,0.0569068379990821,0.0768701239100505,0.0293712712253327,0.0566773749426342,0.0986691142726021,0.0663148233134465,0.0408444240477283,0.04176227627352,0.0548416704910509,0.0587425424506654,0.0458926112895824,0.0112436897659477,0.0330426801284993,0.0734281780633318,,,,,,,,,,,,,,,,,,,,,,,,,,,,,,,,,,,,,,,,,,,,,,,,,,,,,,,,,,,,,,,,,,,,,,,,,,,,,,,,,,,,,,,,,,,,,,,,,,,,,,,,,,,,,,,,,,,,,,,,,,,,,,,,,,,,,,,,,,,,,,,,,,,,,,,,,,,,,,,,,,,,,,,,,,,,,,,,,,,,,,,,,,,,,,,,,,,,,,,,,,,,,,,,,,,,,,,,,,,,,,,,,,,,,,,,,,,,,,,,,,,,,,,,,,,,,,,,,,,,,,,,,,,,,,,,,,,,,,,,,,,,,,,,,,,,,,,,,,,,,,,,,,,,,,,,,,,,,,,,,,,,,,,,,,,,,,,,,,,,,,,,,,,,,,,,,,,,,,,,,,,,,,,,,,,,,,,,,,,,
Dayhoff,21,8675.49699613475,8541.73495694016,-4249.76092865458,n/a,n/a,0.0871,0.0409,0.0404,0.0469,0.0335,0.0383,0.0495,0.0886,0.0336,0.0369,0.0854,0.0805,0.0148,0.0398,0.0507,0.0696,0.0585,0.0105,0.0299,0.0647,,,,,,,,,,,,,,,,,,,,,,,,,,,,,,,,,,,,,,,,,,,,,,,,,,,,,,,,,,,,,,,,,,,,,,,,,,,,,,,,,,,,,,,,,,,,,,,,,,,,,,,,,,,,,,,,,,,,,,,,,,,,,,,,,,,,,,,,,,,,,,,,,,,,,,,,,,,,,,,,,,,,,,,,,,,,,,,,,,,,,,,,,,,,,,,,,,,,,,,,,,,,,,,,,,,,,,,,,,,,,,,,,,,,,,,,,,,,,,,,,,,,,,,,,,,,,,,,,,,,,,,,,,,,,,,,,,,,,,,,,,,,,,,,,,,,,,,,,,,,,,,,,,,,,,,,,,,,,,,,,,,,,,,,,,,,,,,,,,,,,,,,,,,,,,,,,,,,,,,,,,,,,,,,,,,,,,,,,,,,
cpREV+I+F,41,8679.45951049269,8418.68696243207,-4167.9445006785,0.238674675299622,n/a,0.0984396512161542,0.0224873795318954,0.0406149609912804,0.057365764111978,0.018127581459385,0.018357044515833,0.0569068379990821,0.0768701239100505,0.0293712712253327,0.0566773749426342,0.0986691142726021,0.0663148233134465,0.0408444240477283,0.04176227627352,0.0548416704910509,0.0587425424506654,0.0458926112895824,0.0112436897659477,0.0330426801284993,0.0734281780633318,,,,,,,,,,,,,,,,,,,,,,,,,,,,,,,,,,,,,,,,,,,,,,,,,,,,,,,,,,,,,,,,,,,,,,,,,,,,,,,,,,,,,,,,,,,,,,,,,,,,,,,,,,,,,,,,,,,,,,,,,,,,,,,,,,,,,,,,,,,,,,,,,,,,,,,,,,,,,,,,,,,,,,,,,,,,,,,,,,,,,,,,,,,,,,,,,,,,,,,,,,,,,,,,,,,,,,,,,,,,,,,,,,,,,,,,,,,,,,,,,,,,,,,,,,,,,,,,,,,,,,,,,,,,,,,,,,,,,,,,,,,,,,,,,,,,,,,,,,,,,,,,,,,,,,,,,,,,,,,,,,,,,,,,,,,,,,,,,,,,,,,,,,,,,,,,,,,,,,,,,,,,,,,,,,,,,,,,,,,,
Dayhoff+G+I+F,42,8684.09607850952,8416.98288081198,-4166.07290042917,0,0.931273898890162,0.0984396512161542,0.0224873795318954,0.0406149609912804,0.057365764111978,0.018127581459385,0.018357044515833,0.0569068379990821,0.0768701239100505,0.0293712712253327,0.0566773749426342,0.0986691142726021,0.0663148233134465,0.0408444240477283,0.04176227627352,0.0548416704910509,0.0587425424506654,0.0458926112895824,0.0112436897659477,0.0330426801284993,0.0734281780633318,,,,,,,,,,,,,,,,,,,,,,,,,,,,,,,,,,,,,,,,,,,,,,,,,,,,,,,,,,,,,,,,,,,,,,,,,,,,,,,,,,,,,,,,,,,,,,,,,,,,,,,,,,,,,,,,,,,,,,,,,,,,,,,,,,,,,,,,,,,,,,,,,,,,,,,,,,,,,,,,,,,,,,,,,,,,,,,,,,,,,,,,,,,,,,,,,,,,,,,,,,,,,,,,,,,,,,,,,,,,,,,,,,,,,,,,,,,,,,,,,,,,,,,,,,,,,,,,,,,,,,,,,,,,,,,,,,,,,,,,,,,,,,,,,,,,,,,,,,,,,,,,,,,,,,,,,,,,,,,,,,,,,,,,,,,,,,,,,,,,,,,,,,,,,,,,,,,,,,,,,,,,,,,,,,,,,,,,,,,,
mtREV24+G+F,41,8705.62812648193,8444.85557842131,-4181.02880867312,n/a,0.905585908139637,0.0984396512161542,0.0224873795318954,0.0406149609912804,0.057365764111978,0.018127581459385,0.018357044515833,0.0569068379990821,0.0768701239100505,0.0293712712253327,0.0566773749426342,0.0986691142726021,0.0663148233134465,0.0408444240477283,0.04176227627352,0.0548416704910509,0.0587425424506654,0.0458926112895824,0.0112436897659477,0.0330426801284993,0.0734281780633318,,,,,,,,,,,,,,,,,,,,,,,,,,,,,,,,,,,,,,,,,,,,,,,,,,,,,,,,,,,,,,,,,,,,,,,,,,,,,,,,,,,,,,,,,,,,,,,,,,,,,,,,,,,,,,,,,,,,,,,,,,,,,,,,,,,,,,,,,,,,,,,,,,,,,,,,,,,,,,,,,,,,,,,,,,,,,,,,,,,,,,,,,,,,,,,,,,,,,,,,,,,,,,,,,,,,,,,,,,,,,,,,,,,,,,,,,,,,,,,,,,,,,,,,,,,,,,,,,,,,,,,,,,,,,,,,,,,,,,,,,,,,,,,,,,,,,,,,,,,,,,,,,,,,,,,,,,,,,,,,,,,,,,,,,,,,,,,,,,,,,,,,,,,,,,,,,,,,,,,,,,,,,,,,,,,,,,,,,,,,
mtREV24+G+I+F,42,8714.17183268622,8447.05863498867,-4181.11077751751,0,0.905556004509991,0.0984396512161542,0.0224873795318954,0.0406149609912804,0.057365764111978,0.018127581459385,0.018357044515833,0.0569068379990821,0.0768701239100505,0.0293712712253327,0.0566773749426342,0.0986691142726021,0.0663148233134465,0.0408444240477283,0.04176227627352,0.0548416704910509,0.0587425424506654,0.0458926112895824,0.0112436897659477,0.0330426801284993,0.0734281780633318,,,,,,,,,,,,,,,,,,,,,,,,,,,,,,,,,,,,,,,,,,,,,,,,,,,,,,,,,,,,,,,,,,,,,,,,,,,,,,,,,,,,,,,,,,,,,,,,,,,,,,,,,,,,,,,,,,,,,,,,,,,,,,,,,,,,,,,,,,,,,,,,,,,,,,,,,,,,,,,,,,,,,,,,,,,,,,,,,,,,,,,,,,,,,,,,,,,,,,,,,,,,,,,,,,,,,,,,,,,,,,,,,,,,,,,,,,,,,,,,,,,,,,,,,,,,,,,,,,,,,,,,,,,,,,,,,,,,,,,,,,,,,,,,,,,,,,,,,,,,,,,,,,,,,,,,,,,,,,,,,,,,,,,,,,,,,,,,,,,,,,,,,,,,,,,,,,,,,,,,,,,,,,,,,,,,,,,,,,,,
LG+F,40,8718.52051216644,8464.0895584353,-4191.66488577313,n/a,n/a,0.0984396512161542,0.0224873795318954,0.0406149609912804,0.057365764111978,0.018127581459385,0.018357044515833,0.0569068379990821,0.0768701239100505,0.0293712712253327,0.0566773749426342,0.0986691142726021,0.0663148233134465,0.0408444240477283,0.04176227627352,0.0548416704910509,0.0587425424506654,0.0458926112895824,0.0112436897659477,0.0330426801284993,0.0734281780633318,,,,,,,,,,,,,,,,,,,,,,,,,,,,,,,,,,,,,,,,,,,,,,,,,,,,,,,,,,,,,,,,,,,,,,,,,,,,,,,,,,,,,,,,,,,,,,,,,,,,,,,,,,,,,,,,,,,,,,,,,,,,,,,,,,,,,,,,,,,,,,,,,,,,,,,,,,,,,,,,,,,,,,,,,,,,,,,,,,,,,,,,,,,,,,,,,,,,,,,,,,,,,,,,,,,,,,,,,,,,,,,,,,,,,,,,,,,,,,,,,,,,,,,,,,,,,,,,,,,,,,,,,,,,,,,,,,,,,,,,,,,,,,,,,,,,,,,,,,,,,,,,,,,,,,,,,,,,,,,,,,,,,,,,,,,,,,,,,,,,,,,,,,,,,,,,,,,,,,,,,,,,,,,,,,,,,,,,,,,,
WAG+F,40,8719.75386524377,8465.32291151263,-4192.28156231179,n/a,n/a,0.0984396512161542,0.0224873795318954,0.0406149609912804,0.057365764111978,0.018127581459385,0.018357044515833,0.0569068379990821,0.0768701239100505,0.0293712712253327,0.0566773749426342,0.0986691142726021,0.0663148233134465,0.0408444240477283,0.04176227627352,0.0548416704910509,0.0587425424506654,0.0458926112895824,0.0112436897659477,0.0330426801284993,0.0734281780633318,,,,,,,,,,,,,,,,,,,,,,,,,,,,,,,,,,,,,,,,,,,,,,,,,,,,,,,,,,,,,,,,,,,,,,,,,,,,,,,,,,,,,,,,,,,,,,,,,,,,,,,,,,,,,,,,,,,,,,,,,,,,,,,,,,,,,,,,,,,,,,,,,,,,,,,,,,,,,,,,,,,,,,,,,,,,,,,,,,,,,,,,,,,,,,,,,,,,,,,,,,,,,,,,,,,,,,,,,,,,,,,,,,,,,,,,,,,,,,,,,,,,,,,,,,,,,,,,,,,,,,,,,,,,,,,,,,,,,,,,,,,,,,,,,,,,,,,,,,,,,,,,,,,,,,,,,,,,,,,,,,,,,,,,,,,,,,,,,,,,,,,,,,,,,,,,,,,,,,,,,,,,,,,,,,,,,,,,,,,,
JTT+F,40,8726.06765512877,8471.63670139763,-4195.43845725429,n/a,n/a,0.0984396512161542,0.0224873795318954,0.0406149609912804,0.057365764111978,0.018127581459385,0.018357044515833,0.0569068379990821,0.0768701239100505,0.0293712712253327,0.0566773749426342,0.0986691142726021,0.0663148233134465,0.0408444240477283,0.04176227627352,0.0548416704910509,0.0587425424506654,0.0458926112895824,0.0112436897659477,0.0330426801284993,0.0734281780633318,,,,,,,,,,,,,,,,,,,,,,,,,,,,,,,,,,,,,,,,,,,,,,,,,,,,,,,,,,,,,,,,,,,,,,,,,,,,,,,,,,,,,,,,,,,,,,,,,,,,,,,,,,,,,,,,,,,,,,,,,,,,,,,,,,,,,,,,,,,,,,,,,,,,,,,,,,,,,,,,,,,,,,,,,,,,,,,,,,,,,,,,,,,,,,,,,,,,,,,,,,,,,,,,,,,,,,,,,,,,,,,,,,,,,,,,,,,,,,,,,,,,,,,,,,,,,,,,,,,,,,,,,,,,,,,,,,,,,,,,,,,,,,,,,,,,,,,,,,,,,,,,,,,,,,,,,,,,,,,,,,,,,,,,,,,,,,,,,,,,,,,,,,,,,,,,,,,,,,,,,,,,,,,,,,,,,,,,,,,,
Dayhoff+I+F,41,8731.81819840574,8471.04565034512,-4194.12384463503,0.228455835186181,n/a,0.0984396512161542,0.0224873795318954,0.0406149609912804,0.057365764111978,0.018127581459385,0.018357044515833,0.0569068379990821,0.0768701239100505,0.0293712712253327,0.0566773749426342,0.0986691142726021,0.0663148233134465,0.0408444240477283,0.04176227627352,0.0548416704910509,0.0587425424506654,0.0458926112895824,0.0112436897659477,0.0330426801284993,0.0734281780633318,,,,,,,,,,,,,,,,,,,,,,,,,,,,,,,,,,,,,,,,,,,,,,,,,,,,,,,,,,,,,,,,,,,,,,,,,,,,,,,,,,,,,,,,,,,,,,,,,,,,,,,,,,,,,,,,,,,,,,,,,,,,,,,,,,,,,,,,,,,,,,,,,,,,,,,,,,,,,,,,,,,,,,,,,,,,,,,,,,,,,,,,,,,,,,,,,,,,,,,,,,,,,,,,,,,,,,,,,,,,,,,,,,,,,,,,,,,,,,,,,,,,,,,,,,,,,,,,,,,,,,,,,,,,,,,,,,,,,,,,,,,,,,,,,,,,,,,,,,,,,,,,,,,,,,,,,,,,,,,,,,,,,,,,,,,,,,,,,,,,,,,,,,,,,,,,,,,,,,,,,,,,,,,,,,,,,,,,,,,,
rtREV+F,40,8761.68695683866,8507.25600310752,-4213.24810810924,n/a,n/a,0.0984396512161542,0.0224873795318954,0.0406149609912804,0.057365764111978,0.018127581459385,0.018357044515833,0.0569068379990821,0.0768701239100505,0.0293712712253327,0.0566773749426342,0.0986691142726021,0.0663148233134465,0.0408444240477283,0.04176227627352,0.0548416704910509,0.0587425424506654,0.0458926112895824,0.0112436897659477,0.0330426801284993,0.0734281780633318,,,,,,,,,,,,,,,,,,,,,,,,,,,,,,,,,,,,,,,,,,,,,,,,,,,,,,,,,,,,,,,,,,,,,,,,,,,,,,,,,,,,,,,,,,,,,,,,,,,,,,,,,,,,,,,,,,,,,,,,,,,,,,,,,,,,,,,,,,,,,,,,,,,,,,,,,,,,,,,,,,,,,,,,,,,,,,,,,,,,,,,,,,,,,,,,,,,,,,,,,,,,,,,,,,,,,,,,,,,,,,,,,,,,,,,,,,,,,,,,,,,,,,,,,,,,,,,,,,,,,,,,,,,,,,,,,,,,,,,,,,,,,,,,,,,,,,,,,,,,,,,,,,,,,,,,,,,,,,,,,,,,,,,,,,,,,,,,,,,,,,,,,,,,,,,,,,,,,,,,,,,,,,,,,,,,,,,,,,,,
cpREV+F,40,8762.0173798478,8507.58642611666,-4213.41331961381,n/a,n/a,0.0984396512161542,0.0224873795318954,0.0406149609912804,0.057365764111978,0.018127581459385,0.018357044515833,0.0569068379990821,0.0768701239100505,0.0293712712253327,0.0566773749426342,0.0986691142726021,0.0663148233134465,0.0408444240477283,0.04176227627352,0.0548416704910509,0.0587425424506654,0.0458926112895824,0.0112436897659477,0.0330426801284993,0.0734281780633318,,,,,,,,,,,,,,,,,,,,,,,,,,,,,,,,,,,,,,,,,,,,,,,,,,,,,,,,,,,,,,,,,,,,,,,,,,,,,,,,,,,,,,,,,,,,,,,,,,,,,,,,,,,,,,,,,,,,,,,,,,,,,,,,,,,,,,,,,,,,,,,,,,,,,,,,,,,,,,,,,,,,,,,,,,,,,,,,,,,,,,,,,,,,,,,,,,,,,,,,,,,,,,,,,,,,,,,,,,,,,,,,,,,,,,,,,,,,,,,,,,,,,,,,,,,,,,,,,,,,,,,,,,,,,,,,,,,,,,,,,,,,,,,,,,,,,,,,,,,,,,,,,,,,,,,,,,,,,,,,,,,,,,,,,,,,,,,,,,,,,,,,,,,,,,,,,,,,,,,,,,,,,,,,,,,,,,,,,,,,
mtREV24+I+F,41,8773.90993684563,8513.13738878502,-4215.16971385497,0.214299569253612,n/a,0.0984396512161542,0.0224873795318954,0.0406149609912804,0.057365764111978,0.018127581459385,0.018357044515833,0.0569068379990821,0.0768701239100505,0.0293712712253327,0.0566773749426342,0.0986691142726021,0.0663148233134465,0.0408444240477283,0.04176227627352,0.0548416704910509,0.0587425424506654,0.0458926112895824,0.0112436897659477,0.0330426801284993,0.0734281780633318,,,,,,,,,,,,,,,,,,,,,,,,,,,,,,,,,,,,,,,,,,,,,,,,,,,,,,,,,,,,,,,,,,,,,,,,,,,,,,,,,,,,,,,,,,,,,,,,,,,,,,,,,,,,,,,,,,,,,,,,,,,,,,,,,,,,,,,,,,,,,,,,,,,,,,,,,,,,,,,,,,,,,,,,,,,,,,,,,,,,,,,,,,,,,,,,,,,,,,,,,,,,,,,,,,,,,,,,,,,,,,,,,,,,,,,,,,,,,,,,,,,,,,,,,,,,,,,,,,,,,,,,,,,,,,,,,,,,,,,,,,,,,,,,,,,,,,,,,,,,,,,,,,,,,,,,,,,,,,,,,,,,,,,,,,,,,,,,,,,,,,,,,,,,,,,,,,,,,,,,,,,,,,,,,,,,,,,,,,,,
mtREV24+G,22,8778.66918302029,8638.54772435278,-4297.1571378396,n/a,0.791050415273302,0.072,0.019,0.039,0.019,0.006,0.025,0.024,0.056,0.028,0.087,0.168,0.023,0.053,0.06,0.055,0.072,0.088,0.029,0.033,0.044,,,,,,,,,,,,,,,,,,,,,,,,,,,,,,,,,,,,,,,,,,,,,,,,,,,,,,,,,,,,,,,,,,,,,,,,,,,,,,,,,,,,,,,,,,,,,,,,,,,,,,,,,,,,,,,,,,,,,,,,,,,,,,,,,,,,,,,,,,,,,,,,,,,,,,,,,,,,,,,,,,,,,,,,,,,,,,,,,,,,,,,,,,,,,,,,,,,,,,,,,,,,,,,,,,,,,,,,,,,,,,,,,,,,,,,,,,,,,,,,,,,,,,,,,,,,,,,,,,,,,,,,,,,,,,,,,,,,,,,,,,,,,,,,,,,,,,,,,,,,,,,,,,,,,,,,,,,,,,,,,,,,,,,,,,,,,,,,,,,,,,,,,,,,,,,,,,,,,,,,,,,,,,,,,,,,,,,,,,,,
mtREV24+G+I,23,8787.09506635598,8640.6151205409,-4297.18019524969,0,0.791092004306796,0.072,0.019,0.039,0.019,0.006,0.025,0.024,0.056,0.028,0.087,0.168,0.023,0.053,0.06,0.055,0.072,0.088,0.029,0.033,0.044,,,,,,,,,,,,,,,,,,,,,,,,,,,,,,,,,,,,,,,,,,,,,,,,,,,,,,,,,,,,,,,,,,,,,,,,,,,,,,,,,,,,,,,,,,,,,,,,,,,,,,,,,,,,,,,,,,,,,,,,,,,,,,,,,,,,,,,,,,,,,,,,,,,,,,,,,,,,,,,,,,,,,,,,,,,,,,,,,,,,,,,,,,,,,,,,,,,,,,,,,,,,,,,,,,,,,,,,,,,,,,,,,,,,,,,,,,,,,,,,,,,,,,,,,,,,,,,,,,,,,,,,,,,,,,,,,,,,,,,,,,,,,,,,,,,,,,,,,,,,,,,,,,,,,,,,,,,,,,,,,,,,,,,,,,,,,,,,,,,,,,,,,,,,,,,,,,,,,,,,,,,,,,,,,,,,,,,,,,,,
Dayhoff+F,40,8834.24022234018,8579.80926860904,-4249.52474086,n/a,n/a,0.0984396512161542,0.0224873795318954,0.0406149609912804,0.057365764111978,0.018127581459385,0.018357044515833,0.0569068379990821,0.0768701239100505,0.0293712712253327,0.0566773749426342,0.0986691142726021,0.0663148233134465,0.0408444240477283,0.04176227627352,0.0548416704910509,0.0587425424506654,0.0458926112895824,0.0112436897659477,0.0330426801284993,0.0734281780633318,,,,,,,,,,,,,,,,,,,,,,,,,,,,,,,,,,,,,,,,,,,,,,,,,,,,,,,,,,,,,,,,,,,,,,,,,,,,,,,,,,,,,,,,,,,,,,,,,,,,,,,,,,,,,,,,,,,,,,,,,,,,,,,,,,,,,,,,,,,,,,,,,,,,,,,,,,,,,,,,,,,,,,,,,,,,,,,,,,,,,,,,,,,,,,,,,,,,,,,,,,,,,,,,,,,,,,,,,,,,,,,,,,,,,,,,,,,,,,,,,,,,,,,,,,,,,,,,,,,,,,,,,,,,,,,,,,,,,,,,,,,,,,,,,,,,,,,,,,,,,,,,,,,,,,,,,,,,,,,,,,,,,,,,,,,,,,,,,,,,,,,,,,,,,,,,,,,,,,,,,,,,,,,,,,,,,,,,,,,,
mtREV24+F,40,8873.83310507584,8619.4021513447,-4269.32118222783,n/a,n/a,0.0984396512161542,0.0224873795318954,0.0406149609912804,0.057365764111978,0.018127581459385,0.018357044515833,0.0569068379990821,0.0768701239100505,0.0293712712253327,0.0566773749426342,0.0986691142726021,0.0663148233134465,0.0408444240477283,0.04176227627352,0.0548416704910509,0.0587425424506654,0.0458926112895824,0.0112436897659477,0.0330426801284993,0.0734281780633318,,,,,,,,,,,,,,,,,,,,,,,,,,,,,,,,,,,,,,,,,,,,,,,,,,,,,,,,,,,,,,,,,,,,,,,,,,,,,,,,,,,,,,,,,,,,,,,,,,,,,,,,,,,,,,,,,,,,,,,,,,,,,,,,,,,,,,,,,,,,,,,,,,,,,,,,,,,,,,,,,,,,,,,,,,,,,,,,,,,,,,,,,,,,,,,,,,,,,,,,,,,,,,,,,,,,,,,,,,,,,,,,,,,,,,,,,,,,,,,,,,,,,,,,,,,,,,,,,,,,,,,,,,,,,,,,,,,,,,,,,,,,,,,,,,,,,,,,,,,,,,,,,,,,,,,,,,,,,,,,,,,,,,,,,,,,,,,,,,,,,,,,,,,,,,,,,,,,,,,,,,,,,,,,,,,,,,,,,,,,
mtREV24+I,22,8875.55134305335,8735.42988438583,-4345.59821785612,0.215700940325091,n/a,0.072,0.019,0.039,0.019,0.006,0.025,0.024,0.056,0.028,0.087,0.168,0.023,0.053,0.06,0.055,0.072,0.088,0.029,0.033,0.044,,,,,,,,,,,,,,,,,,,,,,,,,,,,,,,,,,,,,,,,,,,,,,,,,,,,,,,,,,,,,,,,,,,,,,,,,,,,,,,,,,,,,,,,,,,,,,,,,,,,,,,,,,,,,,,,,,,,,,,,,,,,,,,,,,,,,,,,,,,,,,,,,,,,,,,,,,,,,,,,,,,,,,,,,,,,,,,,,,,,,,,,,,,,,,,,,,,,,,,,,,,,,,,,,,,,,,,,,,,,,,,,,,,,,,,,,,,,,,,,,,,,,,,,,,,,,,,,,,,,,,,,,,,,,,,,,,,,,,,,,,,,,,,,,,,,,,,,,,,,,,,,,,,,,,,,,,,,,,,,,,,,,,,,,,,,,,,,,,,,,,,,,,,,,,,,,,,,,,,,,,,,,,,,,,,,,,,,,,,,
mtREV24,21,8992.02906468453,8858.26702548993,-4408.02696292947,n/a,n/a,0.072,0.019,0.039,0.019,0.006,0.025,0.024,0.056,0.028,0.087,0.168,0.023,0.053,0.06,0.055,0.072,0.088,0.029,0.033,0.044,,,,,,,,,,,,,,,,,,,,,,,,,,,,,,,,,,,,,,,,,,,,,,,,,,,,,,,,,,,,,,,,,,,,,,,,,,,,,,,,,,,,,,,,,,,,,,,,,,,,,,,,,,,,,,,,,,,,,,,,,,,,,,,,,,,,,,,,,,,,,,,,,,,,,,,,,,,,,,,,,,,,,,,,,,,,,,,,,,,,,,,,,,,,,,,,,,,,,,,,,,,,,,,,,,,,,,,,,,,,,,,,,,,,,,,,,,,,,,,,,,,,,,,,,,,,,,,,,,,,,,,,,,,,,,,,,,,,,,,,,,,,,,,,,,,,,,,,,,,,,,,,,,,,,,,,,,,,,,,,,,,,,,,,,,,,,,,,,,,,,,,,,,,,,,,,,,,,,,,,,,,,,,,,,,,,,,,,,,,,
