1,A,53,LEU,CD1
1,A,53,LEU,CD2
1,A,56,LEU,CB
1,A,56,LEU,CD1
1,A,63,THR,N
1,A,63,THR,CB
1,A,63,THR,CG2
1,A,63,THR,OG1
1,A,64,HIS,ND1
1,A,67,LEU,CD1
1,A,82,VAL,CB
1,A,82,VAL,CG1
1,A,82,VAL,CG2
1,A,86,ARG,CB
1,A,86,ARG,O
1,A,86,ARG,CG
1,A,86,ARG,CD
1,A,86,ARG,NH1
1,A,86,ARG,NH2
1,A,87,PRO,C
1,A,87,PRO,O
1,A,88,MET,CB
1,A,88,MET,CG
1,A,88,MET,SD
1,A,88,MET,CE
1,A,101,LEU,CD2
1,A,111,ARG,NE
1,A,111,ARG,NH2
1,A,112,ASP,C
1,A,112,ASP,CB
1,A,112,ASP,O
1,A,112,ASP,CG
1,A,112,ASP,OD1
1,A,112,ASP,OD2
1,A,113,MET,CA
1,A,113,MET,C
1,A,113,MET,SD
1,A,113,MET,CE
1,A,114,SER,N
1,A,114,SER,CA
1,A,114,SER,CB
1,A,114,SER,OG
1,A,117,SER,CB
1,A,117,SER,OG
1,A,120,ILE,O
1,A,120,ILE,CD1
1,A,121,ASN,CA
1,A,121,ASN,ND2
1,A,121,ASN,OD1
1,A,126,THR,CG2
1,A,126,THR,OG1
1,A,127,VAL,CB
1,A,127,VAL,O
1,A,127,VAL,CG1
1,A,128,SER,N
1,A,128,SER,CA
1,A,128,SER,C
1,A,128,SER,CB
1,A,128,SER,O
1,A,128,SER,OG
1,A,129,THR,CG2
1,A,136,TRP,CZ2
1,A,140,ARG,NH1
1,A,143,LEU,CD2
1,A,148,LEU,CD1
1,A,148,LEU,CD2
1,A,193,THR,CG2
1,A,196,PHE,CE1
1,A,197,ILE,CG1
1,A,197,ILE,CG2
1,A,197,ILE,CD1
1,A,200,LEU,CD1
1,A,226,THR,O
1,A,226,THR,CG2
1,A,226,THR,OG1
1,A,227,GLY,CA
1,A,227,GLY,C
1,A,227,GLY,O
1,A,229,ALA,CB
1,A,230,ARG,CA
1,A,230,ARG,C
1,A,230,ARG,CB
1,A,230,ARG,O
1,A,230,ARG,CG
1,A,230,ARG,CD
1,A,230,ARG,NE
1,A,230,ARG,NH1
1,A,230,ARG,NH2
1,A,230,ARG,CZ
1,A,231,ILE,N
1,A,231,ILE,CA
1,A,231,ILE,CG1
1,A,231,ILE,CG2
1,A,231,ILE,CD1
1,A,233,ASP,CB
1,A,234,ALA,N
1,A,234,ALA,CA
1,A,234,ALA,CB
1,A,235,PHE,CE2
1,A,291,PHE,O
1,A,294,PHE,CD1
1,A,295,GLU,N
1,A,295,GLU,CA
1,A,295,GLU,CB
1,A,295,GLU,CG
1,A,295,GLU,CD
1,A,295,GLU,OE2
1,A,296,LEU,CA
1,A,296,LEU,CB
1,A,296,LEU,O
1,A,296,LEU,CG
1,A,296,LEU,CD1
1,A,296,LEU,CD2
1,A,298,LEU,CD2
1,A,299,LEU,CA
1,A,299,LEU,C
1,A,299,LEU,CB
1,A,299,LEU,O
1,A,299,LEU,CG
1,A,299,LEU,CD1
1,A,299,LEU,CD2
1,A,300,GLY,N
1,A,300,GLY,CA
1,A,300,GLY,O
1,A,303,SER,C
1,A,303,SER,CB
1,A,303,SER,O
1,A,303,SER,OG
1,A,304,SER,N
1,A,304,SER,CA
1,A,304,SER,OG
1,A,307,THR,CG2
1,A,307,THR,OG1
1,A,360,MET,CA
1,A,360,MET,CB
1,A,360,MET,CG
1,A,360,MET,SD
1,A,360,MET,CE
1,A,363,LYS,O
1,A,364,PRO,CA
1,A,365,ILE,N
1,A,365,ILE,O
1,A,365,ILE,CG1
1,A,365,ILE,CG2
1,A,365,ILE,CD1
1,A,366,ALA,CA
1,A,366,ALA,CB
1,A,367,PRO,CG
1,A,367,PRO,CD
1,A,368,LEU,N
1,A,368,LEU,CB
1,A,368,LEU,CG
1,A,368,LEU,CD1
1,A,369,ALA,CA
1,A,369,ALA,CB
1,A,369,ALA,O
1,A,370,VAL,N
1,A,370,VAL,CA
1,A,370,VAL,CB
1,A,370,VAL,O
1,A,370,VAL,CG1
1,A,370,VAL,CG2
1,A,371,PRO,CB
1,A,371,PRO,CG
1,A,371,PRO,CD
1,A,372,HIS,CE1
1,A,372,HIS,NE2
1,A,390,VAL,CB
1,A,390,VAL,CG1
1,A,390,VAL,CG2
1,A,392,VAL,CG1
1,A,392,VAL,CG2
1,A,395,LEU,CD1
1,A,437,PRO,C
1,A,437,PRO,CB
1,A,437,PRO,O
1,A,438,PHE,CA
1,A,438,PHE,C
1,A,438,PHE,O
1,A,438,PHE,CD1
1,A,438,PHE,CE1
1,A,438,PHE,CZ
1,A,439,GLY,N
1,A,439,GLY,CA
1,A,440,GLY,N
1,A,443,ARG,CA
1,A,443,ARG,C
1,A,443,ARG,O
1,A,443,ARG,CD
1,A,443,ARG,NH1
1,A,444,ALA,O
1,A,445,CYS,N
1,A,445,CYS,CA
1,A,445,CYS,CB
1,A,445,CYS,SG
1,A,446,ALA,N
1,A,446,ALA,CB
1,A,447,GLY,N
1,A,447,GLY,CA
1,A,447,GLY,O
1,A,450,VAL,C
1,A,450,VAL,CG1
1,A,450,VAL,CG2
1,A,451,GLY,CA
1,A,454,GLN,OE1
1,A,455,ILE,CD1
1,A,483,MET,CB
1,A,483,MET,O
1,A,483,MET,CG
1,A,483,MET,CE
1,A,484,THR,O
1,A,485,PHE,O
1,A,485,PHE,CD2
1,A,485,PHE,CE1
1,A,485,PHE,CE2
1,A,485,PHE,CZ
1,A,486,VAL,CG1
